date;day_type
2025-11-01;weekday
2025-11-02;weekend
2025-11-03;weekend
2025-11-04;weekend
2025-11-05;weekday
2025-11-06;weekday
2025-11-07;weekday
2025-11-08;weekend
2025-11-09;weekend
2025-11-10;weekday
2025-11-11;weekday
2025-11-12;weekday
2025-11-13;weekday
2025-11-14;weekday
2025-11-15;weekend
2025-11-16;weekend
2025-11-17;weekday
2025-11-18;weekday
2025-11-19;weekday
2025-11-20;weekday
2025-11-21;weekday
2025-11-22;weekend
2025-11-23;weekend
2025-11-24;weekday
2025-11-25;weekday
2025-11-26;weekday
2025-11-27;weekday
2025-11-28;weekday
2025-11-29;weekend
2025-11-30;weekend
2025-12-01;weekday
2025-12-02;weekday
2025-12-03;weekday
2025-12-04;weekday
2025-12-05;weekday
2025-12-06;weekend
2025-12-07;weekend
2025-12-08;weekday
2025-12-09;weekday
2025-12-10;weekday
2025-12-11;weekday
2025-12-12;weekday
2025-12-13;weekend
2025-12-14;weekend
2025-12-15;weekday
2025-12-16;weekday
2025-12-17;weekday
2025-12-18;weekday
2025-12-19;weekday
2025-12-20;weekend
2025-12-21;weekend
2025-12-22;weekday
2025-12-23;weekday
2025-12-24;weekday
2025-12-25;weekday
2025-12-26;weekday
2025-12-27;weekend
2025-12-28;weekend
2025-12-29;weekday
2025-12-30;weekday
2025-12-31;weekend
