route,day,hour,congestion,travel_s,free_s
1,saturday,9,1.094,751.5,687.0
1,saturday,12,1.109,762.0,687.0
1,saturday,15,1.104,758.5,687.0
1,saturday,18,1.091,749.5,687.0
1,saturday,21,1.038,713.0,687.0
1,sunday,9,1.083,744.0,687.0
1,sunday,12,1.117,767.0,687.0
1,sunday,15,1.111,763.5,687.0
1,sunday,18,1.099,754.5,687.0
1,sunday,21,1.044,717.5,687.0
1,workday,6,1.031,707.5,687.0
1,workday,7,1.107,760.0,687.0
1,workday,8,1.131,776.5,687.0
1,workday,9,1.091,748.5,687.0
1,workday,10,1.096,752.5,687.0
1,workday,11,1.087,746.5,687.0
1,workday,12,1.083,743.5,687.0
1,workday,13,1.084,744.5,687.0
1,workday,14,1.086,745.5,687.0
1,workday,15,1.087,746.5,687.0
1,workday,16,1.095,751.5,687.0
1,workday,17,1.131,776.5,687.0
1,workday,18,1.121,769.5,687.0
1,workday,19,1.07,734.5,687.0
1,workday,20,1.055,724.0,687.0
1,workday,21,1.016,698.0,687.0
1,workday,22,1.01,693.5,687.0
1,workday,23,1.0,687.0,687.0
5,saturday,9,1.081,628.0,581.5
5,saturday,12,1.091,634.0,581.5
5,saturday,15,1.078,626.5,581.5
5,saturday,18,1.068,620.5,581.5
5,saturday,21,1.038,603.0,581.5
5,sunday,9,1.062,616.5,581.5
5,sunday,12,1.095,636.0,581.5
5,sunday,15,1.08,627.5,581.5
5,sunday,18,1.07,621.5,581.5
5,sunday,21,1.039,604.0,581.5
5,workday,6,1.03,599.0,581.5
5,workday,7,1.123,653.0,581.5
5,workday,8,1.141,663.0,581.5
5,workday,9,1.093,634.5,581.5
5,workday,10,1.09,633.5,581.5
5,workday,11,1.084,629.5,581.5
5,workday,12,1.082,628.5,581.5
5,workday,13,1.076,625.5,581.5
5,workday,14,1.073,623.5,581.5
5,workday,15,1.076,625.5,581.5
5,workday,16,1.082,628.5,581.5
5,workday,17,1.114,647.5,581.5
5,workday,18,1.106,642.5,581.5
5,workday,19,1.064,618.5,581.5
5,workday,20,1.049,609.5,581.5
5,workday,21,1.029,598.0,581.5
5,workday,22,1.006,585.0,581.5
5,workday,23,1.0,581.5,581.5
7,saturday,9,1.143,1461.5,1278.5
7,saturday,12,1.144,1463.0,1278.5
7,saturday,15,1.142,1460.5,1278.5
7,saturday,18,1.126,1439.0,1278.5
7,saturday,21,1.058,1352.5,1278.5
7,sunday,9,1.115,1425.0,1278.5
7,sunday,12,1.141,1458.5,1278.5
7,sunday,15,1.138,1455.5,1278.5
7,sunday,18,1.122,1434.5,1278.5
7,sunday,21,1.055,1348.5,1278.5
7,workday,6,1.067,1364.0,1278.5
7,workday,7,1.174,1500.5,1278.5
7,workday,8,1.204,1539.5,1278.5
7,workday,9,1.147,1466.0,1278.5
7,workday,10,1.135,1451.5,1278.5
7,workday,11,1.121,1433.0,1278.5
7,workday,12,1.115,1425.0,1278.5
7,workday,13,1.111,1420.0,1278.5
7,workday,14,1.111,1420.0,1278.5
7,workday,15,1.128,1442.5,1278.5
7,workday,16,1.126,1440.0,1278.5
7,workday,17,1.178,1506.0,1278.5
7,workday,18,1.166,1490.5,1278.5
7,workday,19,1.096,1401.0,1278.5
7,workday,20,1.072,1370.0,1278.5
7,workday,21,1.035,1323.5,1278.5
7,workday,22,1.011,1293.0,1278.5
7,workday,23,1.0,1278.5,1278.5
11,saturday,9,1.137,1660.0,1459.5
11,saturday,12,1.154,1684.5,1459.5
11,saturday,15,1.145,1671.0,1459.5
11,saturday,18,1.123,1639.5,1459.5
11,saturday,21,1.07,1562.0,1459.5
11,sunday,9,1.102,1608.5,1459.5
11,sunday,12,1.144,1669.5,1459.5
11,sunday,15,1.135,1657.0,1459.5
11,sunday,18,1.114,1626.0,1459.5
11,sunday,21,1.061,1549.5,1459.5
11,workday,6,1.107,1616.5,1459.5
11,workday,7,1.199,1750.0,1459.5
11,workday,8,1.22,1780.5,1459.5
11,workday,9,1.149,1677.0,1459.5
11,workday,10,1.136,1657.5,1459.5
11,workday,11,1.123,1639.0,1459.5
11,workday,12,1.12,1634.0,1459.5
11,workday,13,1.112,1623.0,1459.5
11,workday,14,1.112,1622.5,1459.5
11,workday,15,1.126,1643.0,1459.5
11,workday,16,1.13,1649.5,1459.5
11,workday,17,1.184,1728.5,1459.5
11,workday,18,1.176,1716.5,1459.5
11,workday,19,1.099,1603.5,1459.5
11,workday,20,1.077,1571.5,1459.5
11,workday,21,1.04,1518.5,1459.5
11,workday,22,1.013,1478.5,1459.5
11,workday,23,1.0,1459.5,1459.5
12,saturday,9,1.112,1479.0,1330.5
12,saturday,12,1.128,1500.5,1330.5
12,saturday,15,1.119,1489.5,1330.5
12,saturday,18,1.087,1445.5,1330.5
12,saturday,21,1.046,1391.5,1330.5
12,sunday,9,1.101,1465.0,1330.5
12,sunday,12,1.133,1507.0,1330.5
12,sunday,15,1.125,1497.0,1330.5
12,sunday,18,1.091,1451.5,1330.5
12,sunday,21,1.051,1398.0,1330.5
12,workday,6,1.118,1486.5,1330.5
12,workday,7,1.192,1586.5,1330.5
12,workday,8,1.191,1584.5,1330.5
12,workday,9,1.119,1490.0,1330.5
12,workday,10,1.11,1477.5,1330.5
12,workday,11,1.101,1465.5,1330.5
12,workday,12,1.097,1459.0,1330.5
12,workday,13,1.098,1461.0,1330.5
12,workday,14,1.097,1459.5,1330.5
12,workday,15,1.106,1472.0,1330.5
12,workday,16,1.113,1482.0,1330.5
12,workday,17,1.167,1553.0,1330.5
12,workday,18,1.14,1516.5,1330.5
12,workday,19,1.07,1423.5,1330.5
12,workday,20,1.049,1395.5,1330.5
12,workday,21,1.025,1363.5,1330.5
12,workday,22,1.007,1340.0,1330.5
12,workday,23,1.0,1330.5,1330.5
17,saturday,9,1.119,1174.0,1049.5
17,saturday,12,1.123,1179.0,1049.5
17,saturday,15,1.114,1168.5,1049.5
17,saturday,18,1.105,1159.5,1049.5
17,saturday,21,1.037,1088.5,1049.5
17,sunday,9,1.096,1150.0,1049.5
17,sunday,12,1.126,1182.0,1049.5
17,sunday,15,1.116,1171.0,1049.5
17,sunday,18,1.107,1162.0,1049.5
17,sunday,21,1.04,1091.0,1049.5
17,workday,6,1.067,1119.5,1049.5
17,workday,7,1.158,1215.5,1049.5
17,workday,8,1.18,1238.0,1049.5
17,workday,9,1.127,1183.0,1049.5
17,workday,10,1.12,1175.0,1049.5
17,workday,11,1.11,1164.5,1049.5
17,workday,12,1.105,1160.0,1049.5
17,workday,13,1.102,1156.5,1049.5
17,workday,14,1.103,1158.0,1049.5
17,workday,15,1.107,1161.5,1049.5
17,workday,16,1.113,1168.0,1049.5
17,workday,17,1.152,1208.5,1049.5
17,workday,18,1.149,1206.0,1049.5
17,workday,19,1.083,1136.5,1049.5
17,workday,20,1.056,1108.0,1049.5
17,workday,21,1.024,1075.0,1049.5
17,workday,22,1.004,1053.5,1049.5
17,workday,23,1.0,1049.5,1049.5
25,saturday,9,1.095,864.5,789.5
25,saturday,12,1.1,868.5,789.5
25,saturday,15,1.087,858.0,789.5
25,saturday,18,1.074,848.0,789.5
25,saturday,21,1.021,806.0,789.5
25,sunday,9,1.066,842.0,789.5
25,sunday,12,1.096,865.0,789.5
25,sunday,15,1.082,854.5,789.5
25,sunday,18,1.071,845.5,789.5
25,sunday,21,1.018,803.5,789.5
25,workday,6,1.043,823.5,789.5
25,workday,7,1.125,888.5,789.5
25,workday,8,1.15,908.0,789.5
25,workday,9,1.112,878.0,789.5
25,workday,10,1.105,872.5,789.5
25,workday,11,1.096,865.0,789.5
25,workday,12,1.089,859.5,789.5
25,workday,13,1.082,854.0,789.5
25,workday,14,1.078,851.0,789.5
25,workday,15,1.086,857.5,789.5
25,workday,16,1.087,858.0,789.5
25,workday,17,1.135,896.0,789.5
25,workday,18,1.125,888.0,789.5
25,workday,19,1.068,843.5,789.5
25,workday,20,1.047,827.0,789.5
25,workday,21,1.016,802.0,789.5
25,workday,22,1.004,793.0,789.5
25,workday,23,1.001,790.5,789.5
26,saturday,9,1.086,737.0,678.5
26,saturday,12,1.088,738.0,678.5
26,saturday,15,1.075,729.5,678.5
26,saturday,18,1.069,725.5,678.5
26,saturday,21,1.025,695.0,678.5
26,sunday,9,1.063,721.5,678.5
26,sunday,12,1.087,737.5,678.5
26,sunday,15,1.074,729.0,678.5
26,sunday,18,1.067,724.5,678.5
26,sunday,21,1.024,694.5,678.5
26,workday,6,1.044,708.0,678.5
26,workday,7,1.117,758.0,678.5
26,workday,8,1.131,767.5,678.5
26,workday,9,1.102,747.5,678.5
26,workday,10,1.091,740.0,678.5
26,workday,11,1.08,733.0,678.5
26,workday,12,1.077,731.0,678.5
26,workday,13,1.076,730.0,678.5
26,workday,14,1.076,730.0,678.5
26,workday,15,1.074,729.0,678.5
26,workday,16,1.084,735.5,678.5
26,workday,17,1.12,760.0,678.5
26,workday,18,1.112,755.0,678.5
26,workday,19,1.063,721.5,678.5
26,workday,20,1.05,712.5,678.5
26,workday,21,1.015,688.5,678.5
26,workday,22,1.006,682.5,678.5
26,workday,23,1.0,678.5,678.5
28,saturday,9,1.043,657.5,630.5
28,saturday,12,1.07,674.5,630.5
28,saturday,15,1.06,668.5,630.5
28,saturday,18,1.055,665.0,630.5
28,saturday,21,1.024,645.5,630.5
28,sunday,9,1.033,651.5,630.5
28,sunday,12,1.073,676.5,630.5
28,sunday,15,1.063,670.0,630.5
28,sunday,18,1.057,666.0,630.5
28,sunday,21,1.025,646.5,630.5
28,workday,6,1.031,650.0,630.5
28,workday,7,1.105,696.5,630.5
28,workday,8,1.106,697.5,630.5
28,workday,9,1.053,664.0,630.5
28,workday,10,1.067,672.5,630.5
28,workday,11,1.064,671.0,630.5
28,workday,12,1.064,671.0,630.5
28,workday,13,1.064,671.0,630.5
28,workday,14,1.061,668.5,630.5
28,workday,15,1.062,669.5,630.5
28,workday,16,1.068,673.0,630.5
28,workday,17,1.103,695.0,630.5
28,workday,18,1.09,687.0,630.5
28,workday,19,1.051,662.5,630.5
28,workday,20,1.039,655.0,630.5
28,workday,21,1.015,639.5,630.5
28,workday,22,1.005,633.5,630.5
28,workday,23,1.0,630.5,630.5
50,saturday,9,1.125,1324.5,1177.0
50,saturday,12,1.134,1335.0,1177.0
50,saturday,15,1.123,1323.0,1177.0
50,saturday,18,1.117,1315.0,1177.0
50,saturday,21,1.052,1239.5,1177.0
50,sunday,9,1.094,1288.0,1177.0
50,sunday,12,1.126,1325.5,1177.0
50,sunday,15,1.116,1314.0,1177.0
50,sunday,18,1.109,1306.0,1177.0
50,sunday,21,1.046,1231.5,1177.0
50,workday,6,1.081,1274.5,1177.0
50,workday,7,1.163,1370.0,1177.0
50,workday,8,1.168,1375.5,1177.0
50,workday,9,1.131,1332.0,1177.0
50,workday,10,1.123,1322.5,1177.0
50,workday,11,1.116,1314.0,1177.0
50,workday,12,1.11,1306.5,1177.0
50,workday,13,1.104,1300.0,1177.0
50,workday,14,1.104,1299.5,1177.0
50,workday,15,1.114,1311.0,1177.0
50,workday,16,1.113,1310.0,1177.0
50,workday,17,1.159,1365.0,1177.0
50,workday,18,1.156,1360.5,1177.0
50,workday,19,1.091,1284.5,1177.0
50,workday,20,1.069,1258.5,1177.0
50,workday,21,1.029,1211.5,1177.0
50,workday,22,1.009,1188.0,1177.0
50,workday,23,1.0,1177.0,1177.0
