date,dow,day_type,holiday_weekday,school_q_holiday,school_m_holiday,school_summer,univ_session,univ_exam,univ_holidays,univ_exam_routes,t_mean,t_min,t_max,precip_mm,rain_mm,snow_cm,snow_depth_m,wind_max,gust_max,humidity,rain_peak_mm,freezing_hours,daylight_h,sunset_h,precipitation_hours,ice_rain_post,ice_rain,ice_warning,snow_event,weather_warning,closures_n,center_closure,metro_outage,free_ride,reinforced,tram_delay_our_n,tram_changed_our_n,football_rzd_att,football_time,football_rzd,kudago_near_n,kudago_near_long_n,kudago_routes,events_near_n,vdnh_rink,christmas_fest,concerts_n,r50_weekend_cancelled,r7_weekend_shortened,r7_r50_late_cut_22,r7_r50_late_cut_23,r5_active,t1_active
2025-01-01,2,dayoff,1,1,1,0,1,1,0,50,-2.6,-6.8,1.3,3.9,0.1,2.7,0.3,19.8,43.2,88.9,0.0,0.0,7.14,16.12,12.0,0,0,1,0,0,0,0,0,0,1,0,0,0,,0,0,1,12,0,0,0,0,0,0,0,0,0,0
2025-01-02,3,dayoff,1,1,1,0,1,1,0,50,2.1,1.3,3.1,2.0,1.9,0.1,0.3,26.8,60.5,88.2,0.6000000000000001,0.0,7.16,16.13,12.0,0,0,0,0,0,0,0,0,0,0,1,0,0,,0,8,1,7|12|50,0,0,0,0,0,0,0,0,0,0
2025-01-03,4,dayoff,1,1,1,0,1,1,0,50,-3.7,-8.1,1.4,3.5,0.7,2.0,0.28,19.6,42.1,86.4,0.0,0.0,7.19,16.17,8.0,0,0,0,0,0,1,0,0,0,0,1,0,0,,0,7,1,7|12|28|50,0,0,0,0,0,0,0,0,0,0
2025-01-04,5,dayoff,0,1,1,0,1,1,0,26|50,-5.3,-8.9,-3.6,0.8,0.0,0.6,0.28,9.4,22.7,85.0,0.0,0.0,7.22,16.18,7.0,0,0,0,0,0,0,0,0,0,0,0,0,0,,0,10,1,7|12|50,0,0,0,0,0,0,0,0,0,0
2025-01-05,6,dayoff,0,1,1,0,1,1,0,26|50,-4.9,-7.1,-3.8,0.5,0.0,0.4,0.29,17.0,36.7,84.9,0.0,0.0,7.25,16.2,5.0,0,0,0,0,0,0,0,0,0,0,0,0,0,,0,4,1,12|50,0,0,0,0,0,0,0,0,0,0
2025-01-06,0,dayoff,1,1,1,0,1,1,0,26|50,-5.8,-6.6,-5.3,0.0,0.0,0.0,0.29,13.8,30.6,83.3,0.0,0.0,7.28,16.23,0.0,1,1,0,1,0,2,0,0,0,0,0,0,0,,0,4,1,7|11|12|50,0,0,0,0,0,0,0,0,0,0
2025-01-07,1,dayoff,1,1,1,0,1,1,0,26|50,-2.1,-5.7,1.6,6.1,2.6,2.4,0.3,14.3,31.0,90.8,0.1,0.0,7.31,16.25,16.0,0,1,0,0,0,0,0,0,0,0,0,0,0,,0,7,1,7|12|50,0,0,0,0,0,0,0,0,0,0
2025-01-08,2,dayoff,1,1,1,0,1,1,0,26|50,2.1,0.9,3.3,1.0,1.0,0.0,0.3,18.6,40.3,93.1,0.0,0.0,7.35,16.28,6.0,0,0,1,0,0,0,0,0,0,0,0,0,0,,0,8,1,7|12|50,0,0,0,0,0,0,0,0,0,0
2025-01-09,3,workday,0,0,0,0,1,1,0,26|50,-0.4,-2.5,0.7,0.0,0.0,0.0,0.26,14.5,32.4,83.2,0.0,0.0,7.39,16.3,0.0,0,0,1,0,0,2,0,0,0,0,1,0,0,,0,5,1,12|50,0,0,0,0,0,0,0,0,0,0
2025-01-10,4,workday,0,0,0,0,1,1,0,26|50,1.0,-1.8,2.1,2.4,2.1,0.2,0.04,14.2,30.2,91.5,0.1,0.0,7.43,16.33,7.0,0,0,1,0,0,0,0,0,0,0,0,0,0,,0,5,1,7|11|12|28|50,0,0,0,0,0,0,0,0,0,0
2025-01-11,5,dayoff,0,0,0,0,1,1,0,26|50,3.0,0.8,3.8,5.0,5.0,0.0,0.04,15.7,34.2,97.7,1.0999999999999999,0.0,7.47,16.37,19.0,0,0,0,0,0,0,0,0,0,0,0,0,0,,0,8,1,5|7|11|12|28|50,0,0,0,0,0,0,0,0,0,0
2025-01-12,6,dayoff,0,0,0,0,1,1,0,26|50,-1.1,-2.2,0.4,0.0,0.0,0.0,0.05,13.2,30.2,77.1,0.0,0.0,7.52,16.38,0.0,0,0,0,0,0,1,0,0,0,0,0,0,0,,0,8,1,7|11|12|50,0,0,0,0,0,0,0,0,0,0
2025-01-13,0,workday,0,0,0,0,1,1,0,26|50,-2.5,-4.3,-1.6,0.8,0.0,0.6,0.11,11.1,28.4,83.2,0.0,0.0,7.56,16.42,6.0,0,0,0,0,0,1,0,0,0,0,0,0,0,,0,2,0,7|11,0,0,0,0,0,0,0,0,0,0
2025-01-14,1,workday,0,0,0,0,1,1,0,26|50,-5.1,-7.7,-1.2,2.0,0.1,1.3,0.11,17.7,40.3,87.8,0.0,0.0,7.61,16.45,7.0,0,0,1,0,0,0,0,0,0,0,0,0,0,,0,2,0,12|50,0,0,0,0,0,0,0,0,0,0
2025-01-15,2,workday,0,0,0,0,1,1,0,26|50,-0.1,-2.8,1.5,0.3,0.1,0.1,0.1,14.1,33.8,90.4,0.0,0.0,7.66,16.48,2.0,0,0,0,0,0,4,1,0,0,0,0,0,0,,0,4,0,5|7|11|50,0,0,0,0,0,0,0,0,0,0
2025-01-16,3,workday,0,0,0,0,1,1,0,26|50,-1.3,-4.7,1.5,3.8,0.5,2.3,0.22,16.8,37.1,88.4,0.2,0.0,7.71,16.52,9.0,1,1,1,0,0,1,1,0,0,0,0,0,0,,0,2,0,12|50,0,0,0,0,0,0,0,0,0,0
2025-01-17,4,workday,0,0,0,0,1,1,0,26|50,2.4,1.5,3.1,0.0,0.0,0.0,0.22,18.5,41.8,91.6,0.0,0.0,7.76,16.55,0.0,0,1,1,0,0,2,1,0,0,0,0,0,0,,0,2,0,7|11|12|50,0,0,0,0,0,0,0,0,0,0
2025-01-18,5,dayoff,0,0,0,0,1,1,0,26|50,1.2,0.3,2.1,1.8,1.7,0.1,0.18,18.4,41.8,94.4,0.7000000000000001,0.0,7.82,16.57,11.0,0,0,0,0,0,0,0,0,0,0,0,0,0,,0,4,1,5|7|11|12|50,0,0,0,0,0,0,0,0,0,0
2025-01-19,6,dayoff,0,0,0,0,1,1,0,26|50,-0.4,-1.6,1.2,0.0,0.0,0.0,0.17,18.0,42.1,73.0,0.0,0.0,7.87,16.6,0.0,0,0,0,0,0,0,0,0,0,0,0,0,0,,0,3,1,12|50,0,0,0,0,0,0,0,0,0,0
2025-01-20,0,workday,0,0,0,0,1,1,0,26|50,0.3,-2.3,1.8,0.0,0.0,0.0,0.17,17.0,40.0,80.5,0.0,0.0,7.93,16.63,0.0,0,0,0,0,0,0,0,0,0,0,0,0,0,,0,4,1,5|7|11|12,0,0,0,0,0,0,0,0,0,0
2025-01-21,1,workday,0,0,0,0,1,1,0,26|50,-5.7,-7.6,-2.5,0.0,0.0,0.0,0.16,11.2,30.2,53.5,0.0,0.0,7.98,16.67,0.0,0,0,0,0,0,1,0,0,0,0,1,0,0,,0,4,1,7|11|12|50,0,0,0,0,0,0,0,0,0,0
2025-01-22,2,workday,0,0,0,0,1,1,0,26|50,-5.5,-7.7,-2.1,0.9,0.0,0.6,0.17,16.0,37.4,58.5,0.0,0.0,8.04,16.7,8.0,0,0,0,0,0,2,0,0,0,0,0,0,0,,0,10,2,5|7|11|12|26|50,0,0,0,0,0,0,0,0,0,0
2025-01-23,3,workday,0,0,0,0,1,1,0,26|50,-2.6,-3.1,-2.1,0.0,0.0,0.0,0.17,15.9,37.1,52.6,0.0,0.0,8.1,16.73,0.0,0,0,1,0,0,1,0,0,0,0,0,0,0,,0,8,2,5|7|11|12|26|50,0,0,0,0,0,0,0,0,0,0
2025-01-24,4,workday,0,0,0,0,1,1,0,26|50,-2.1,-3.0,-1.2,0.0,0.0,0.0,0.16,9.1,22.0,68.4,0.0,0.0,8.16,16.78,0.0,0,0,1,0,0,0,0,0,0,0,0,0,0,,0,8,2,7|11|12|26|50,0,0,0,0,0,0,0,0,0,0
2025-01-25,5,dayoff,0,0,0,0,1,1,0,50,-0.5,-1.9,1.5,0.0,0.0,0.0,0.16,11.9,29.2,79.8,0.0,0.0,8.22,16.82,0.0,0,0,0,0,0,1,0,0,0,0,0,0,0,,0,10,2,5|7|11|12|26|50,0,0,0,0,0,0,0,0,0,0
2025-01-26,6,dayoff,0,0,0,0,1,1,0,50,1.7,0.6,3.0,0.9,0.2,0.5,0.16,13.8,31.7,91.1,0.0,0.0,8.28,16.85,4.0,0,0,1,0,0,0,0,0,0,0,0,0,0,,0,9,2,5|7|11|12|26|50,0,0,0,0,0,0,0,0,0,0
2025-01-27,0,workday,0,0,0,0,1,1,0,50,3.4,1.5,4.5,2.4,2.4,0.0,0.15,16.0,35.6,95.2,0.1,0.0,8.34,16.88,9.0,0,0,0,0,0,2,0,0,0,0,0,0,0,,0,3,2,7|11|12|26|50,0,0,0,0,0,0,0,0,0,0
2025-01-28,1,workday,0,0,0,0,0,0,1,,3.5,2.9,4.0,0.1,0.1,0.0,0.1,12.7,30.6,96.1,0.0,0.0,8.41,16.92,1.0,0,0,0,0,0,0,0,0,0,0,1,0,0,,0,4,2,5|7|11|12|26|50,0,0,0,0,0,0,0,0,0,0
2025-01-29,2,workday,0,0,0,0,0,0,1,,3.4,2.8,4.1,0.1,0.1,0.0,0.06,11.5,25.9,94.8,0.0,0.0,8.47,16.95,1.0,0,0,0,0,0,0,0,0,0,0,0,0,0,,0,4,2,5|7|11|12|26,0,0,0,0,0,0,0,0,0,0
2025-01-30,3,workday,0,0,0,0,0,0,1,,4.6,3.3,6.5,0.1,0.1,0.0,0.04,13.5,34.6,92.7,0.0,0.0,8.53,16.98,1.0,0,0,0,0,0,0,0,0,1,0,0,0,0,,0,8,2,5|7|11|12|26|50,0,0,0,0,0,0,0,0,0,0
2025-01-31,4,workday,0,0,0,0,0,0,1,,3.4,1.0,5.3,0.0,0.0,0.0,0.02,12.2,28.1,87.8,0.0,0.0,8.6,17.02,0.0,0,0,0,0,0,0,0,0,0,0,0,0,0,,0,6,2,12|26|50,0,0,0,0,0,0,0,0,0,0
2025-02-01,5,dayoff,0,0,0,0,0,0,1,,2.6,1.2,3.8,1.4,1.4,0.0,0.01,15.0,33.8,93.0,0.30000000000000004,0.0,8.67,17.05,9.0,0,0,0,0,0,0,0,0,0,0,0,0,0,,0,9,2,5|12|26|50,0,0,0,0,0,0,0,0,0,0
2025-02-02,6,dayoff,0,0,0,0,0,0,1,,0.4,-0.8,1.5,0.4,0.0,0.3,0.01,14.2,34.9,81.5,0.0,0.0,8.74,17.08,3.0,0,0,0,0,0,0,0,0,0,0,0,0,0,,0,8,2,5|7|12|26|50,0,0,0,0,0,0,0,0,0,0
2025-02-03,0,workday,0,0,0,0,0,0,1,,-0.8,-1.7,0.7,0.1,0.0,0.1,0.01,9.3,24.1,74.4,0.0,0.0,8.81,17.13,1.0,0,0,0,0,0,0,0,0,0,0,0,0,0,,0,0,2,12|26,0,0,0,0,0,0,0,0,0,0
2025-02-04,1,workday,0,0,0,0,0,0,1,,-1.8,-4.1,0.3,0.0,0.0,0.0,0.01,6.5,13.3,77.1,0.0,0.0,8.88,17.17,0.0,0,0,0,0,0,0,0,0,0,0,0,0,0,,0,4,2,5|12|26|50,0,0,0,0,0,0,0,0,0,0
2025-02-05,2,workday,0,0,0,0,0,0,1,,-1.5,-2.9,0.1,0.0,0.0,0.0,0.02,16.0,40.3,76.3,0.0,0.0,8.95,17.2,0.0,0,0,1,0,0,0,0,0,0,0,0,0,0,,0,2,2,12|26|50,0,0,0,0,0,0,0,0,0,0
2025-02-06,3,workday,0,0,0,0,0,0,1,,-1.6,-2.4,-0.8,0.0,0.0,0.0,0.02,7.8,19.1,75.5,0.0,0.0,9.02,17.23,0.0,0,0,0,0,0,0,0,0,0,0,0,0,0,,0,3,2,5|12|26|50,0,0,0,0,0,0,0,0,0,0
2025-02-07,4,workday,0,0,0,0,0,0,1,,-3.8,-4.6,-2.4,0.0,0.0,0.0,0.02,12.6,32.0,73.1,0.0,0.0,9.09,17.27,0.0,0,0,0,0,0,0,0,0,0,0,0,0,0,,0,7,2,7|11|12|26|50,0,0,0,0,0,0,0,0,0,0
2025-02-08,5,dayoff,0,0,0,0,0,0,1,,-4.0,-4.8,-3.2,0.0,0.0,0.0,0.02,7.5,15.5,77.1,0.0,0.0,9.16,17.32,0.0,0,0,0,0,0,0,0,0,0,0,0,0,0,,0,7,2,5|12|26|50,0,0,0,0,0,0,0,0,0,0
2025-02-09,6,dayoff,0,0,0,0,0,0,1,,-4.5,-5.2,-3.7,0.0,0.0,0.0,0.02,3.6,10.1,84.5,0.0,0.0,9.23,17.35,0.0,0,0,0,0,0,0,0,0,0,0,0,0,0,,0,12,2,5|7|11|12|26|50,0,0,0,0,0,0,0,0,0,0
2025-02-10,0,workday,0,0,0,0,0,0,1,,-5.1,-6.1,-4.0,0.0,0.0,0.0,0.02,6.7,16.2,83.5,0.0,0.0,9.31,17.38,0.0,0,0,0,0,0,2,0,0,0,0,0,0,0,,0,2,2,7|11|12|26,0,0,0,0,0,0,0,0,0,0
2025-02-11,1,workday,0,0,0,0,0,0,1,,-5.9,-6.9,-4.6,0.0,0.0,0.0,0.02,6.6,16.9,79.0,0.0,0.0,9.38,17.42,0.0,0,0,0,0,0,0,0,0,0,0,0,0,0,,0,5,2,5|7|12|26|50,0,0,0,0,0,0,0,0,0,0
2025-02-12,2,workday,0,0,0,0,0,0,0,,-6.8,-8.0,-5.2,0.0,0.0,0.0,0.02,10.4,24.8,80.1,0.0,0.0,9.45,17.45,0.0,0,0,0,0,0,0,0,0,0,0,0,0,0,,0,4,2,5|7|11|12|26|50,0,0,0,0,0,0,0,0,0,0
2025-02-13,3,workday,0,0,0,0,0,0,0,,-7.2,-8.2,-6.0,0.0,0.0,0.0,0.02,8.6,21.2,77.1,0.0,0.0,9.52,17.5,0.0,0,0,0,0,0,0,0,0,0,0,0,0,0,,0,7,2,5|7|11|12|26|50,0,0,0,0,0,0,0,0,0,0
2025-02-14,4,workday,0,0,0,0,0,0,0,,-6.9,-10.0,-5.1,0.2,0.0,0.2,0.02,9.9,24.1,77.7,0.0,0.0,9.6,17.53,2.0,0,0,0,0,0,1,0,0,0,0,0,0,0,,0,8,2,7|11|12|26|28|50,0,0,0,0,0,0,0,0,0,0
2025-02-15,5,dayoff,0,1,1,0,0,0,0,,-8.5,-10.3,-7.6,0.2,0.0,0.1,0.03,11.9,29.5,74.9,0.0,0.0,9.67,17.57,2.0,0,0,0,0,0,0,0,0,0,0,0,0,0,,0,9,2,5|7|11|12|26|50,0,0,0,0,0,0,0,0,0,0
2025-02-16,6,dayoff,0,1,1,0,0,0,0,,-10.8,-12.6,-9.0,0.5,0.0,0.4,0.03,13.0,34.6,76.4,0.0,0.0,9.74,17.6,5.0,0,0,0,0,0,1,1,0,0,0,0,0,0,,0,8,2,5|7|11|12|26|50,0,0,0,0,0,0,0,0,0,0
2025-02-17,0,workday,0,1,1,0,0,0,0,,-12.2,-15.0,-9.9,0.0,0.0,0.0,0.03,14.7,35.6,74.1,0.0,0.0,9.82,17.63,0.0,0,0,0,0,0,2,0,0,0,0,0,0,0,,0,6,1,5|7|11|26,0,0,0,0,0,0,0,0,0,0
2025-02-18,1,workday,0,1,1,0,0,0,0,,-10.9,-15.8,-6.6,0.3,0.0,0.2,0.03,8.2,20.9,77.7,0.0,0.0,9.89,17.67,3.0,0,0,0,0,0,0,0,0,0,0,0,0,0,,0,3,1,7|11|26|50,0,0,0,0,0,0,0,0,0,0
2025-02-19,2,workday,0,1,1,0,0,0,0,,-7.5,-10.3,-4.8,0.1,0.0,0.1,0.04,9.0,19.4,81.2,0.0,0.0,9.96,17.7,1.0,0,0,0,0,0,0,0,0,0,0,0,0,0,,0,10,1,5|7|11|12|26|50,0,0,0,0,0,0,0,0,0,0
2025-02-20,3,workday,0,1,1,0,0,0,0,,-9.2,-13.7,-6.4,0.0,0.0,0.0,0.04,8.1,21.2,76.8,0.0,0.0,10.04,17.75,0.0,0,0,0,0,0,1,1,0,0,0,0,0,0,,0,8,2,5|7|11|12|26|50,0,0,0,0,0,0,0,0,0,0
2025-02-21,4,workday,0,1,1,0,0,0,0,,-7.7,-12.1,-3.2,0.0,0.0,0.0,0.04,9.6,21.2,76.7,0.0,0.0,10.11,17.78,0.0,0,0,0,0,0,2,1,0,0,0,0,0,0,,0,7,2,7|11|12|26|50,0,0,0,0,0,0,0,0,0,0
2025-02-22,5,dayoff,0,1,1,0,0,0,0,,-7.4,-10.2,-2.7,0.0,0.0,0.0,0.04,8.1,16.9,76.2,0.0,0.0,10.19,17.82,0.0,0,0,0,0,0,0,0,0,0,0,0,0,0,,0,11,3,5|7|11|12|26|28|50,0,0,0,0,0,0,0,0,0,0
2025-02-23,6,dayoff,0,1,1,0,0,0,0,,-9.7,-14.1,-3.7,0.0,0.0,0.0,0.04,6.6,13.3,78.4,0.0,0.0,10.27,17.85,0.0,0,0,0,0,0,0,0,0,0,0,0,0,0,,0,13,3,5|7|11|12|26|50,0,0,0,0,0,0,0,0,0,0
2025-02-24,0,workday,0,1,1,0,0,0,0,,-10.5,-16.0,-3.2,0.0,0.0,0.0,0.04,8.0,20.9,71.2,0.0,0.0,10.34,17.88,0.0,0,0,0,0,0,2,1,0,0,0,0,0,0,,0,5,3,5|7|11|12|26,0,0,0,0,0,0,0,0,0,0
2025-02-25,1,workday,0,0,0,0,0,0,0,,-9.6,-15.2,-2.0,0.0,0.0,0.0,0.04,4.4,11.2,59.5,0.0,0.0,10.42,17.92,0.0,0,0,0,0,0,0,0,0,0,0,0,0,0,,0,5,3,5|7|11|12|26,0,0,0,0,0,0,0,0,0,0
2025-02-26,2,workday,0,0,0,0,0,0,0,,-6.6,-10.5,-1.2,0.0,0.0,0.0,0.04,6.1,16.2,65.6,0.0,0.0,10.5,17.95,0.0,0,0,0,0,0,1,1,0,0,0,1,0,0,,0,3,3,7|11|12|26|50,0,0,0,0,0,0,0,0,0,0
2025-02-27,3,workday,0,0,0,0,0,0,0,,-6.4,-11.7,0.8,0.0,0.0,0.0,0.04,5.8,12.2,66.8,0.0,0.0,10.58,18.0,0.0,0,0,0,0,0,1,1,0,0,0,0,0,0,,0,7,3,5|7|11|12|26|50,0,0,0,0,0,0,0,0,0,0
2025-02-28,4,workday,0,0,0,0,0,0,0,,-4.2,-11.5,3.3,0.0,0.0,0.0,0.03,8.7,16.2,60.1,0.0,0.0,10.65,18.03,0.0,0,0,0,0,0,1,1,0,0,0,0,0,7276,,0,5,3,11|12|26|50,0,0,0,0,0,0,0,0,0,0
2025-03-01,5,dayoff,0,0,0,0,0,0,0,,-0.8,-4.2,3.3,0.0,0.0,0.0,0.03,9.6,22.3,69.5,0.0,0.0,10.73,18.07,0.0,0,0,0,0,0,1,1,0,0,0,0,0,0,,0,6,3,5|11|12|26|50,0,0,0,0,0,0,0,0,0,0
2025-03-02,6,dayoff,0,0,0,0,0,0,0,,-1.1,-2.8,1.3,0.4,0.0,0.3,0.02,8.2,19.4,81.5,0.0,0.0,10.81,18.1,4.0,0,0,0,0,0,0,0,0,0,0,0,0,0,,0,7,3,5|7|11|12|26|50,1,0,0,0,0,0,0,0,0,0
2025-03-03,0,workday,0,0,0,0,0,0,0,,-0.4,-1.7,1.1,1.2,0.0,0.8,0.03,12.3,28.4,88.2,0.0,0.0,10.88,18.13,8.0,0,0,0,0,0,2,1,0,0,0,1,0,0,,0,4,3,7|11|12|26|50,0,0,0,0,0,0,0,0,0,0
2025-03-04,1,workday,0,0,0,0,0,0,0,,1.3,-1.1,3.1,5.7,1.7,2.8,0.04,16.7,36.4,91.9,0.7,0.0,10.96,18.17,15.0,0,0,0,0,0,2,1,0,0,0,0,0,0,,0,4,3,5|7|11|12|26|50,0,0,0,0,0,0,0,0,0,0
2025-03-05,2,workday,0,0,0,0,0,0,0,,1.2,-0.1,3.4,3.2,0.7,1.8,0.03,22.3,52.6,78.2,0.0,0.0,11.04,18.2,8.0,0,0,0,0,0,1,1,0,0,0,0,0,0,,0,2,3,11|12|26|50,0,0,0,0,0,0,0,0,0,0
2025-03-06,3,workday,0,0,0,0,0,0,0,,4.4,1.7,7.4,2.3,2.3,0.0,0.03,19.9,46.1,92.1,0.4,0.0,11.12,18.23,15.0,0,0,0,0,0,2,1,0,0,0,0,0,0,,0,4,4,5|7|11|12|17|25|26|50,0,0,0,0,0,0,0,0,0,0
2025-03-07,4,short,0,0,0,0,0,0,0,,7.0,1.6,8.8,0.0,0.0,0.0,0.01,22.2,56.2,72.6,0.0,0.0,11.19,18.27,0.0,0,0,0,0,0,1,0,0,0,0,0,0,6817,20:15,1,7,4,7|11|12|17|25|26|50,0,0,0,0,0,0,0,0,0,0
2025-03-08,5,dayoff,0,0,0,0,0,0,0,,3.6,-1.3,9.6,0.0,0.0,0.0,0.0,13.2,27.7,73.7,0.0,0.0,11.27,18.3,0.0,0,0,0,0,0,1,0,0,0,0,1,0,0,,0,4,4,5|7|11|12|17|25|26|50,0,0,0,0,0,0,0,0,0,0
2025-03-09,6,dayoff,0,0,0,0,0,0,0,,5.6,2.3,10.9,0.0,0.0,0.0,0.0,13.2,28.1,64.4,0.0,0.0,11.34,18.35,0.0,0,0,0,0,0,0,0,0,0,0,0,0,0,,0,8,4,7|11|12|17|25|26|50,0,0,0,0,0,0,0,0,0,0
2025-03-10,0,workday,0,0,0,0,0,0,0,,4.0,0.0,9.0,0.0,0.0,0.0,0.0,12.2,25.9,61.8,0.0,0.0,11.42,18.38,0.0,0,0,0,0,0,0,0,0,0,0,0,0,0,,0,3,4,7|11|12|17|25|26,0,0,0,0,0,0,0,0,0,0
2025-03-11,1,workday,0,0,0,0,0,0,0,,6.8,3.9,11.3,0.2,0.2,0.0,0.0,15.0,34.6,71.8,0.1,0.0,11.5,18.42,2.0,0,0,0,0,0,0,0,0,0,0,0,0,0,,0,9,4,5|7|11|12|17|25|26|50,0,0,0,0,0,0,0,0,0,0
2025-03-12,2,workday,0,0,0,0,0,0,0,,7.5,4.8,11.8,4.6,4.6,0.0,0.0,11.8,29.9,86.2,0.3,0.0,11.57,18.45,5.0,0,0,0,0,0,0,0,0,0,0,0,0,0,,0,6,4,5|7|11|12|17|25|26|50,0,0,0,0,0,0,0,0,0,0
2025-03-13,3,workday,0,0,0,0,0,0,0,,7.0,3.8,10.9,0.2,0.2,0.0,0.0,16.0,34.6,85.4,0.0,0.0,11.65,18.48,1.0,0,0,0,0,0,2,1,0,0,0,0,0,0,,0,9,4,5|7|11|12|17|25|26|50,0,0,0,0,0,0,0,0,0,0
2025-03-14,4,workday,0,0,0,0,0,0,0,,9.4,3.3,13.8,7.0,7.0,0.0,0.0,28.7,77.4,78.0,1.3,0.0,11.73,18.52,13.0,0,0,0,0,0,2,1,0,0,0,1,1,0,,0,7,4,7|11|12|17|25|26|28|50,0,0,0,0,0,0,0,0,0,0
2025-03-15,5,dayoff,0,0,0,0,0,0,0,,0.3,-1.6,2.6,0.0,0.0,0.0,0.0,14.1,39.6,61.9,0.0,0.0,11.81,18.55,0.0,0,0,0,0,0,0,0,0,0,0,0,0,13755,19:30,1,10,4,5|7|11|12|17|25|26|50,0,0,0,0,0,0,0,0,0,0
2025-03-16,6,dayoff,0,0,0,0,0,0,0,,-0.1,-3.8,4.5,0.0,0.0,0.0,0.0,12.0,26.6,61.8,0.0,0.0,11.89,18.58,0.0,0,0,0,0,0,0,0,0,0,0,0,0,0,,0,14,4,5|7|11|12|17|25|26|50,0,0,0,0,0,0,0,0,0,0
2025-03-17,0,workday,0,0,0,0,0,0,0,,-1.8,-3.4,-0.9,1.8,0.0,1.3,0.01,16.1,39.2,57.4,0.0,0.0,11.96,18.62,6.0,0,0,1,0,0,0,0,0,0,0,0,0,0,,0,4,3,7|11|12|17|25|50,0,0,0,0,0,0,0,0,0,0
2025-03-18,1,workday,0,0,0,0,0,0,0,,-2.3,-6.4,1.5,0.0,0.0,0.0,0.01,8.4,23.4,48.5,0.0,0.0,12.04,18.65,0.0,0,0,1,0,0,2,1,0,0,0,0,0,0,,0,7,3,5|7|11|12|17|25|50,0,0,0,0,0,0,0,0,0,0
2025-03-19,2,workday,0,0,0,0,0,0,0,,-0.2,-4.2,3.6,0.9,0.3,0.4,0.01,20.2,47.5,72.8,0.0,0.0,12.12,18.68,4.0,0,0,0,0,0,1,0,0,0,0,0,0,0,,0,7,3,5|7|11|12|17|25|50,0,0,0,0,0,0,0,0,0,0
2025-03-20,3,workday,0,0,0,0,0,0,0,,3.1,-0.9,7.8,0.0,0.0,0.0,0.01,14.8,41.0,63.4,0.0,0.0,12.2,18.72,0.0,0,0,0,0,0,0,0,0,0,0,1,0,0,,0,9,5,5|7|11|12|17|25|26|50,0,0,0,0,0,0,0,0,0,0
2025-03-21,4,workday,0,0,0,0,0,0,0,,4.6,1.5,8.7,0.0,0.0,0.0,0.0,14.4,35.6,67.7,0.0,0.0,12.28,18.75,0.0,0,0,0,0,0,3,0,0,0,0,0,0,0,,0,7,5,5|7|11|12|17|25|26|28|50,0,0,0,0,0,0,0,0,0,0
2025-03-22,5,dayoff,0,0,0,0,0,0,0,,1.5,-1.1,4.0,0.0,0.0,0.0,0.0,13.9,36.4,53.8,0.0,0.0,12.35,18.78,0.0,0,0,0,0,0,1,0,0,0,0,0,0,0,,0,9,5,5|7|11|12|17|25|26|28|50,0,0,0,0,0,0,0,0,0,0
2025-03-23,6,dayoff,0,0,0,0,0,0,0,,0.7,-3.9,4.9,0.0,0.0,0.0,0.0,8.6,24.8,44.1,0.0,0.0,12.43,18.82,0.0,0,0,0,0,0,0,0,0,0,0,0,0,0,,0,9,5,5|7|11|12|17|25|26|50,0,0,0,0,0,0,0,0,0,0
2025-03-24,0,workday,0,0,0,0,0,0,0,,4.1,-1.6,10.1,0.0,0.0,0.0,0.0,17.0,41.0,58.1,0.0,0.0,12.51,18.85,0.0,0,0,0,0,0,2,0,0,0,0,0,0,0,,0,6,4,7|11|12|17|25|26|50,0,0,0,0,0,0,0,0,0,0
2025-03-25,1,workday,0,0,0,0,0,0,0,,3.9,1.3,5.0,5.2,5.0,0.1,0.0,17.1,41.0,83.4,1.7,0.0,12.59,18.88,21.0,0,0,0,0,0,1,1,0,0,0,0,0,0,,0,5,4,5|7|11|12|17|25|26|50,0,0,0,0,0,0,0,0,0,0
2025-03-26,2,workday,0,0,0,0,0,0,0,,3.1,1.0,5.3,0.2,0.2,0.0,0.0,8.6,20.9,86.5,0.0,0.0,12.66,18.92,2.0,0,0,0,0,0,1,1,0,0,0,0,1,0,,0,4,4,5|7|11|12|17|25|26,0,0,0,0,0,0,0,0,0,0
2025-03-27,3,workday,0,0,0,0,0,0,0,,4.8,2.7,7.6,1.8,1.8,0.0,0.0,9.1,25.6,88.4,1.7,0.0,12.74,18.95,5.0,0,0,0,0,0,0,0,0,0,0,0,0,0,,0,6,4,5|7|11|12|17|25|26|50,0,0,0,0,0,0,0,0,0,0
2025-03-28,4,workday,0,0,0,0,0,0,0,,6.1,2.9,10.7,0.1,0.1,0.0,0.0,6.0,14.8,84.5,0.0,0.0,12.82,18.98,1.0,0,0,0,0,0,3,0,1,0,0,0,0,0,,0,3,4,11|12|17|25|26|50,0,0,0,0,0,0,0,0,0,0
2025-03-29,5,dayoff,0,0,0,0,0,0,0,,6.9,1.1,12.6,0.0,0.0,0.0,0.0,8.3,16.6,75.7,0.0,0.0,12.89,19.02,0.0,0,0,0,0,0,0,0,0,0,0,0,0,0,,0,10,4,5|7|11|12|17|25|26|50,0,0,0,0,0,0,0,0,0,0
2025-03-30,6,dayoff,0,0,0,0,0,0,0,,7.2,2.3,12.0,0.0,0.0,0.0,0.0,10.1,28.8,68.9,0.0,0.0,12.97,19.05,0.0,0,0,0,0,0,0,0,0,0,0,0,0,0,,0,9,4,5|7|11|12|17|25|26|50,0,0,0,0,0,0,0,0,0,0
2025-03-31,0,workday,0,0,0,0,0,0,0,,9.3,4.6,14.2,0.0,0.0,0.0,0.0,12.6,32.4,58.0,0.0,0.0,13.05,19.08,0.0,0,0,0,0,0,1,0,0,0,0,0,0,0,,0,3,3,7|11|17|25|26,0,0,0,0,0,0,0,0,0,0
2025-04-01,1,workday,0,0,0,0,0,0,0,,8.7,7.0,13.0,6.8,6.8,0.0,0.0,14.7,34.2,68.2,3.3,0.0,13.12,19.12,7.0,0,0,0,0,0,1,1,0,0,0,0,0,0,,0,3,5,5|11|12|17|25|26|50,0,0,0,0,0,0,0,0,0,0
2025-04-02,2,workday,0,0,0,0,0,0,0,,8.6,5.9,12.5,3.6,3.6,0.0,0.0,17.8,38.5,67.2,0.0,0.0,13.2,19.15,6.0,0,0,0,0,0,2,0,0,0,0,0,0,0,,0,4,5,5|7|11|12|17|25|26|50,0,0,0,0,0,0,0,0,0,0
2025-04-03,3,workday,0,0,0,0,0,0,0,,8.3,4.6,13.2,0.0,0.0,0.0,0.0,12.2,31.0,61.0,0.0,0.0,13.28,19.18,0.0,0,0,0,0,0,1,0,0,0,0,0,0,0,,0,4,5,5|11|12|17|25|26|50,0,0,0,0,0,0,0,0,0,0
2025-04-04,4,workday,0,0,0,0,0,0,0,,8.8,3.5,15.5,0.0,0.0,0.0,0.0,19.1,51.8,58.1,0.0,0.0,13.35,19.22,0.0,0,0,1,0,0,0,0,0,0,0,0,0,0,,0,4,5,7|11|12|17|25|26|50,0,0,0,0,0,0,0,0,0,0
2025-04-05,5,dayoff,0,1,0,0,0,0,0,,4.0,1.2,6.1,0.1,0.1,0.0,0.0,16.3,39.6,62.7,0.0,0.0,13.43,19.25,1.0,0,0,0,0,0,1,0,0,0,0,0,0,20941,17:30,1,9,6,5|7|11|12|17|25|26|50,0,0,0,0,0,0,0,0,0,0
2025-04-06,6,dayoff,0,1,0,0,0,0,0,,-1.9,-2.9,0.5,11.6,0.0,8.1,0.06,22.2,52.2,80.6,0.0,0.0,13.51,19.28,24.0,0,0,1,1,0,1,0,0,0,0,0,0,0,,0,6,6,5|7|11|12|17|25|26|50,0,0,0,0,0,0,0,0,0,0
2025-04-07,0,workday,0,1,0,0,0,0,0,,-1.3,-2.8,0.6,13.4,0.0,9.4,0.12,19.2,42.8,88.5,0.0,0.0,13.59,19.32,18.0,0,0,1,1,0,0,0,1,0,0,0,0,0,,0,2,5,5|7|11|12|17|25|26,0,0,0,0,0,0,0,0,0,0
2025-04-08,1,workday,0,1,0,0,0,0,0,,-1.5,-2.8,-0.6,7.3,0.1,5.0,0.19,13.5,30.6,90.4,0.0,0.0,13.66,19.35,17.0,0,0,1,1,0,1,0,0,0,0,0,0,0,,0,4,5,5|7|11|12|17|25|26,0,0,0,0,0,0,0,0,0,0
2025-04-09,2,workday,0,1,0,0,0,0,0,,-2.2,-3.5,-0.6,3.6,0.0,2.5,0.2,17.3,37.8,76.2,0.0,0.0,13.74,19.4,13.0,0,0,1,0,0,0,0,0,0,0,0,0,0,,0,8,5,5|7|11|12|17|25|26|50,0,0,0,0,0,0,0,0,0,0
2025-04-10,3,workday,0,1,0,0,0,0,0,,-1.9,-4.8,1.0,1.0,0.0,0.7,0.2,14.2,31.3,83.0,0.0,0.0,13.82,19.43,10.0,0,0,1,0,0,0,0,0,0,0,0,0,0,,0,8,5,5|7|11|12|17|25|26|50,0,0,0,0,0,0,0,0,0,0
2025-04-11,4,workday,0,1,0,0,0,0,0,,-0.9,-5.2,2.4,0.0,0.0,0.0,0.2,14.1,30.6,85.2,0.0,0.0,13.89,19.47,0.0,0,0,0,0,0,1,0,0,0,0,0,0,0,,0,9,5,7|11|12|17|25|26|50,0,0,0,0,0,0,0,0,0,0
2025-04-12,5,dayoff,0,1,0,0,0,0,0,,-0.1,-1.3,2.8,1.2,0.0,0.8,0.18,13.7,34.2,73.4,0.0,0.0,13.97,19.5,6.0,0,0,1,0,0,1,0,0,0,0,0,0,0,,0,9,5,5|7|11|12|17|25|26|50,0,0,0,0,0,0,0,0,0,0
2025-04-13,6,dayoff,0,1,0,0,0,0,0,,3.0,-0.9,8.7,2.4,0.0,1.7,0.17,12.2,27.0,74.6,0.0,0.0,14.05,19.53,6.0,0,0,0,0,0,0,0,0,0,0,0,0,0,,0,7,5,7|11|12|17|25|26|50,0,0,0,0,0,0,0,0,0,0
2025-04-14,0,workday,0,0,0,0,0,0,0,,6.3,0.7,11.7,0.0,0.0,0.0,0.13,12.5,32.4,64.3,0.0,0.0,14.12,19.57,0.0,0,0,0,0,0,2,0,0,0,0,0,0,0,,0,4,5,5|7|11|12|17|25|26,0,0,0,0,0,0,0,0,0,0
2025-04-15,1,workday,0,0,0,0,0,0,0,,11.5,6.2,17.1,0.0,0.0,0.0,0.06,16.2,39.2,58.8,0.0,0.0,14.2,19.6,0.0,0,0,0,0,0,0,0,0,0,0,0,0,9456,,0,2,5,7|11|12|17|25|26,0,0,0,0,0,0,0,0,0,0
2025-04-16,2,workday,0,0,0,0,0,0,0,,13.3,7.2,19.9,0.0,0.0,0.0,0.01,7.9,19.8,58.5,0.0,0.0,14.27,19.63,0.0,0,0,0,0,0,2,1,0,0,0,0,0,0,,0,5,5,5|7|11|12|17|25|26,0,0,0,0,0,0,0,0,0,0
2025-04-17,3,workday,0,0,0,0,0,0,0,,13.0,8.4,17.7,0.0,0.0,0.0,0.0,13.5,32.0,62.5,0.0,0.0,14.34,19.67,0.0,0,0,0,0,0,3,1,0,0,0,0,0,0,,0,7,5,7|11|12|17|25|26|50,0,0,0,0,0,0,0,0,0,0
2025-04-18,4,workday,0,0,0,0,0,0,0,,16.3,11.1,22.4,0.4,0.4,0.0,0.0,10.3,26.6,65.4,0.4,0.0,14.42,19.7,2.0,0,0,0,0,0,2,0,0,0,0,0,0,0,,0,7,5,7|11|12|17|25|26|50,0,0,0,0,0,0,0,0,0,0
2025-04-19,5,dayoff,0,0,0,0,0,0,0,,18.1,12.8,24.1,1.2,1.2,0.0,0.0,14.4,36.7,59.4,0.0,0.0,14.49,19.73,1.0,0,0,1,0,0,0,0,0,0,0,0,0,7982,,0,14,5,5|7|11|12|17|25|26|50,0,0,0,0,0,0,0,0,0,0
2025-04-20,6,dayoff,0,0,0,0,0,0,0,,18.3,13.3,24.2,0.0,0.0,0.0,0.0,14.7,37.1,46.3,0.0,0.0,14.57,19.77,0.0,0,0,0,0,0,0,0,0,0,0,0,0,0,,0,13,5,5|7|11|12|17|25|26|50,0,0,0,0,0,0,0,0,0,0
2025-04-21,0,workday,0,0,0,0,0,0,0,,18.6,11.7,25.5,0.0,0.0,0.0,0.0,17.1,43.6,38.5,0.0,0.0,14.64,19.8,0.0,0,0,0,0,0,1,1,0,0,0,0,0,0,,0,6,5,5|7|11|12|17|25|26|50,0,0,0,0,0,0,0,0,0,0
2025-04-22,1,workday,0,0,0,0,0,0,0,,18.1,13.6,23.7,0.1,0.1,0.0,0.0,12.7,30.6,44.1,0.0,0.0,14.71,19.83,1.0,0,0,0,0,0,3,1,0,0,0,0,0,0,,0,9,5,5|7|11|12|17|25|26|50,0,0,0,0,0,0,0,0,0,0
2025-04-23,2,workday,0,0,0,0,0,0,0,,18.2,11.1,25.9,0.3,0.3,0.0,0.0,15.2,42.5,52.2,0.30000000000000004,0.0,14.79,19.87,2.0,0,0,0,0,0,2,1,0,0,0,0,1,0,,0,11,5,5|7|11|12|17|25|26|50,0,0,0,0,0,0,0,0,0,0
2025-04-24,3,workday,0,0,0,0,0,0,0,,14.9,10.2,19.4,0.0,0.0,0.0,0.0,12.4,31.0,52.0,0.0,0.0,14.86,19.9,0.0,0,0,0,0,0,0,0,0,0,0,0,0,0,,0,3,5,5|11|12|17|25|26|50,0,0,0,0,0,0,0,0,0,0
2025-04-25,4,workday,0,0,0,0,0,0,0,,12.9,8.0,17.1,3.3,3.3,0.0,0.0,17.8,46.1,50.7,0.2,0.0,14.93,19.93,4.0,0,0,0,0,0,4,0,0,0,0,0,0,0,,0,3,5,11|12|17|25|26|50,0,0,0,0,0,0,0,0,0,0
2025-04-26,5,dayoff,0,0,0,0,0,0,0,,4.5,1.6,7.9,0.0,0.0,0.0,0.0,20.5,52.2,43.7,0.0,0.0,15.01,19.97,0.0,0,0,0,0,0,0,0,0,0,1,0,0,0,,0,5,5,5|7|11|12|17|25|26|50,0,0,0,0,0,0,0,0,0,0
2025-04-27,6,dayoff,0,0,0,0,0,0,0,,2.7,-0.6,5.4,0.3,0.0,0.2,0.0,18.4,46.1,53.1,0.0,0.0,15.08,20.0,3.0,0,0,0,0,0,0,0,0,0,0,0,0,0,,0,3,5,5|7|11|12|17|25|26|50,0,0,0,0,0,0,0,0,0,0
2025-04-28,0,workday,0,0,0,0,0,0,0,,5.1,-1.3,11.2,0.0,0.0,0.0,0.0,18.8,46.8,41.9,0.0,0.0,15.15,20.03,0.0,0,0,0,0,0,3,0,0,0,0,0,1,0,,0,2,5,7|11|12|17|25|26,0,0,0,0,0,0,0,0,0,0
2025-04-29,1,workday,0,0,0,0,0,0,0,,7.9,5.6,11.7,3.0,3.0,0.0,0.0,23.2,55.8,58.8,0.0,0.0,15.22,20.07,7.0,0,0,0,0,0,3,1,0,0,0,0,0,0,,0,6,5,5|7|11|12|17|25|26|50,0,0,0,0,0,0,0,0,0,0
2025-04-30,2,short,0,0,0,0,0,0,0,,8.1,6.9,10.3,1.8,1.8,0.0,0.0,17.0,38.9,68.7,1.0,0.0,15.3,20.1,10.0,0,0,0,0,0,0,0,0,0,0,0,0,11721,,0,3,5,7|11|12|17|25|26|50,0,0,0,0,0,0,0,0,0,0
2025-05-01,3,dayoff,1,0,0,0,0,0,0,,6.4,3.4,8.7,21.1,21.1,0.0,0.0,16.2,38.9,84.2,6.699999999999999,0.0,15.37,20.13,21.0,0,0,0,0,0,0,0,0,0,0,0,0,0,,0,0,5,11|12|17|25|26,0,0,0,0,0,0,0,0,0,0
2025-05-02,4,dayoff,1,0,0,0,0,0,0,,3.8,0.9,7.7,9.3,2.3,4.9,0.02,23.3,55.1,77.5,0.30000000000000004,0.0,15.44,20.17,11.0,0,0,0,1,0,1,0,0,0,0,0,0,0,,0,0,5,11|12|17|25|26,0,0,0,0,0,0,0,0,0,0
2025-05-03,5,dayoff,0,0,0,0,0,0,0,,8.2,2.0,13.6,0.4,0.4,0.0,0.01,17.5,47.5,66.8,0.0,0.0,15.51,20.2,4.0,0,0,0,0,0,0,0,0,0,0,0,0,6791,,0,2,5,11|12|17|25|26|50,0,0,0,0,0,0,0,0,0,0
2025-05-04,6,dayoff,0,0,0,0,0,0,0,,11.9,6.8,17.5,7.7,7.7,0.0,0.0,18.8,40.3,72.4,1.5999999999999999,0.0,15.58,20.23,7.0,0,0,0,0,0,1,0,0,0,0,0,0,0,,0,2,5,11|12|17|25|26|50,0,0,0,0,0,0,0,0,0,0
2025-05-05,0,workday,0,0,0,0,0,0,0,,11.4,6.7,13.7,3.5,3.5,0.0,0.0,24.7,58.7,71.6,0.1,0.0,15.64,20.27,6.0,0,0,0,0,0,0,0,0,0,0,0,0,0,,0,0,3,11|12|17|25|26,0,0,0,0,0,0,0,0,0,0
2025-05-06,1,workday,0,0,0,0,0,0,0,,6.8,2.1,11.0,0.4,0.4,0.0,0.0,19.4,50.0,61.7,0.0,0.0,15.71,20.3,4.0,0,0,0,0,0,1,1,0,0,0,0,0,0,,0,1,3,5|11|12|17|25|26,0,0,0,0,0,0,0,0,0,0
2025-05-07,2,workday,0,0,0,0,0,0,0,,9.4,4.4,13.5,0.1,0.1,0.0,0.0,9.5,26.3,57.5,0.0,0.0,15.78,20.33,1.0,0,0,0,0,0,3,1,0,0,0,0,0,0,,0,3,3,7|11|12|17|25|26|50,0,0,0,0,0,0,0,0,0,0
2025-05-08,3,dayoff,1,0,0,0,0,0,0,,6.6,4.1,9.1,0.2,0.2,0.0,0.0,13.1,35.3,69.8,0.1,0.0,15.84,20.37,2.0,0,0,0,0,0,10,1,0,0,0,0,0,0,,0,2,3,11|12|17|25|26|50,0,0,0,0,0,0,0,0,0,0
2025-05-09,4,dayoff,1,0,0,0,0,0,0,,6.1,2.6,9.1,0.0,0.0,0.0,0.0,15.4,39.6,61.0,0.0,0.0,15.91,20.4,0.0,0,0,0,0,0,2,1,0,0,0,0,0,0,,0,1,3,11|12|17|25|26|50,0,0,0,0,0,0,0,0,0,0
2025-05-10,5,dayoff,0,0,0,0,0,0,0,,5.9,1.9,10.0,1.8,1.8,0.0,0.0,15.5,40.3,69.5,1.5,0.0,15.97,20.42,4.0,0,0,0,0,0,2,0,0,0,0,0,0,0,,0,1,3,11|12|17|25|26|50,0,0,0,0,0,0,0,0,0,0
2025-05-11,6,dayoff,0,0,0,0,0,0,0,,5.1,2.4,8.4,1.2,1.2,0.0,0.0,16.7,46.1,73.8,0.6,0.0,16.04,20.45,9.0,0,0,0,0,0,1,0,0,0,0,0,1,0,,0,2,3,11|12|17|25|26|50,0,0,0,0,0,0,0,0,0,0
2025-05-12,0,workday,0,0,0,0,0,0,0,,5.0,1.4,9.1,4.0,3.9,0.1,0.0,14.0,33.5,78.1,1.1,0.0,16.1,20.48,15.0,0,0,0,0,0,3,0,0,0,0,0,0,0,,0,3,1,7|11|17|25,0,0,0,0,0,0,0,0,0,0
2025-05-13,1,workday,0,0,0,0,0,0,0,,6.4,3.2,8.8,7.1,7.1,0.0,0.0,9.2,22.3,79.8,0.6000000000000001,0.0,16.16,20.52,14.0,0,0,0,0,0,0,0,0,0,0,0,0,0,,0,6,1,5|7|11|17|25|50,0,0,0,0,0,0,0,0,0,0
2025-05-14,2,workday,0,0,0,0,0,0,0,,8.8,4.5,12.7,0.9,0.9,0.0,0.0,11.2,29.2,74.3,0.2,0.0,16.23,20.55,8.0,0,0,0,0,0,1,0,0,0,0,0,0,0,,0,3,1,7|11|12|17|25|50,0,0,0,0,0,0,0,0,0,0
2025-05-15,3,workday,0,0,0,0,0,0,0,,11.4,5.2,16.9,0.1,0.1,0.0,0.0,13.4,34.6,63.6,0.0,0.0,16.29,20.58,1.0,0,0,0,0,0,2,0,0,0,0,0,0,0,,0,6,1,5|7|11|17|25|50,0,0,0,0,0,0,0,0,0,0
2025-05-16,4,workday,0,0,0,0,0,0,0,,15.5,9.7,21.4,0.0,0.0,0.0,0.0,15.0,38.9,60.1,0.0,0.0,16.35,20.62,0.0,0,0,0,0,0,4,1,0,0,0,0,0,0,,0,9,1,5|7|11|12|17|25|50,0,0,0,0,0,0,0,0,0,0
2025-05-17,5,dayoff,0,0,0,0,0,0,0,,16.3,11.5,20.7,0.0,0.0,0.0,0.0,19.8,49.0,55.1,0.0,0.0,16.41,20.65,0.0,0,0,0,0,0,2,0,0,0,0,0,0,0,,0,6,2,5|7|11|12|17|25|50,1,0,0,0,0,0,0,0,0,0
2025-05-18,6,dayoff,0,0,0,0,0,0,0,,16.2,12.7,21.8,1.4,1.4,0.0,0.0,20.8,55.8,57.0,1.0,0.0,16.47,20.67,4.0,0,0,0,0,0,0,0,0,0,0,0,0,0,,0,11,2,5|7|11|12|17|25|28|50,0,0,0,0,0,0,0,0,0,0
2025-05-19,0,workday,0,0,0,0,0,0,0,,13.9,11.8,16.7,1.9,1.9,0.0,0.0,15.7,39.6,74.8,0.30000000000000004,0.0,16.53,20.7,12.0,0,0,0,0,0,0,0,0,0,0,0,0,15815,20:30,1,3,2,7|11|12|17|25|50,0,0,0,0,0,0,0,0,0,0
2025-05-20,1,workday,0,0,0,0,0,0,0,,12.6,9.6,17.4,6.3,6.3,0.0,0.0,13.6,34.6,72.3,0.4,0.0,16.58,20.73,11.0,0,0,0,0,0,2,1,0,0,0,0,0,0,,0,8,2,5|7|11|12|17|25|50,0,0,0,0,0,0,0,0,0,0
2025-05-21,2,workday,0,0,0,0,0,0,0,,14.6,10.2,18.7,0.8,0.8,0.0,0.0,13.4,37.1,64.5,0.0,0.0,16.64,20.77,3.0,0,0,0,0,0,3,0,0,0,0,0,0,0,,0,8,2,5|7|11|12|17|25|50,0,0,0,0,0,0,0,0,0,0
2025-05-22,3,workday,0,0,0,0,0,0,0,,16.4,9.4,22.8,0.0,0.0,0.0,0.0,9.0,23.8,51.3,0.0,0.0,16.69,20.78,0.0,0,0,0,0,0,0,0,0,0,0,0,0,0,,0,6,3,5|7|11|12|17|25,0,0,0,0,0,0,0,0,0,0
2025-05-23,4,workday,0,0,0,0,0,0,0,,20.3,13.4,25.4,0.0,0.0,0.0,0.0,16.1,44.3,42.3,0.0,0.0,16.75,20.82,0.0,0,0,0,0,0,1,0,0,0,0,0,0,0,,0,7,3,7|11|12|17|25|50,0,0,0,0,0,0,0,0,0,0
2025-05-24,5,dayoff,0,0,0,1,0,0,0,,22.5,15.9,27.1,0.0,0.0,0.0,0.0,14.8,38.2,38.2,0.0,0.0,16.8,20.85,0.0,0,0,0,0,0,3,1,0,0,0,0,0,0,,0,6,3,5|7|11|12|17|25|50,0,0,0,0,0,0,0,0,0,0
2025-05-25,6,dayoff,0,0,0,1,0,0,0,,23.2,16.6,28.2,0.0,0.0,0.0,0.0,17.4,45.0,31.5,0.0,0.0,16.85,20.87,0.0,0,0,0,0,0,0,0,0,0,0,0,0,0,,0,8,3,5|7|11|12|17|25|50,0,0,0,0,0,0,0,0,0,0
2025-05-26,0,workday,0,0,0,1,0,0,0,,23.3,16.9,28.2,0.0,0.0,0.0,0.0,22.1,55.8,34.3,0.0,0.0,16.9,20.9,0.0,0,0,0,0,0,0,0,0,0,0,0,0,0,,0,6,2,5|7|11|12|17|25,0,0,0,0,0,0,0,0,0,0
2025-05-27,1,workday,0,0,0,1,0,0,0,,22.9,18.8,26.1,0.0,0.0,0.0,0.0,17.6,46.8,30.2,0.0,0.0,16.94,20.92,0.0,0,0,0,0,0,2,1,0,0,0,1,0,0,,0,6,2,7|11|12|17|25|50,0,0,0,0,0,0,0,0,0,0
2025-05-28,2,workday,0,0,0,1,0,0,0,,22.5,15.6,27.2,0.0,0.0,0.0,0.0,18.6,47.5,30.7,0.0,0.0,16.99,20.95,0.0,0,0,0,0,0,7,1,0,0,0,0,0,0,,0,9,2,5|7|11|12|17|25|50,0,0,0,0,0,0,0,0,0,0
2025-05-29,3,workday,0,0,0,1,0,0,0,,23.8,16.9,29.1,0.1,0.1,0.0,0.0,20.5,58.0,31.0,0.0,0.0,17.03,20.97,1.0,0,0,0,0,0,1,0,0,0,0,0,0,0,,0,10,2,5|7|11|12|17|25|50,0,0,0,0,0,0,0,0,0,0
2025-05-30,4,workday,0,0,0,1,0,0,0,,23.0,19.4,25.7,0.5,0.5,0.0,0.0,20.9,56.2,39.2,0.0,0.0,17.08,21.0,3.0,0,0,0,0,0,2,1,0,0,0,0,0,0,,0,1,2,11|12|17|25|50,0,0,0,0,0,0,0,0,0,0
2025-05-31,5,dayoff,0,0,0,1,0,0,0,,21.0,18.0,25.5,3.5,3.5,0.0,0.0,12.6,34.9,56.5,0.5,0.0,17.12,21.02,5.0,0,0,0,0,0,0,0,0,0,0,0,0,0,,0,8,2,5|7|11|12|17|25|50,2,0,0,0,0,0,0,0,0,0
2025-06-01,6,dayoff,0,0,0,1,1,1,0,50,18.3,15.1,21.0,0.1,0.1,0.0,0.0,19.8,53.3,54.0,0.0,0.0,17.16,21.03,1.0,0,0,0,0,0,1,0,0,1,0,0,0,0,,0,3,2,11|12|17|25|50,0,0,0,0,0,0,0,0,0,0
2025-06-02,0,workday,0,0,0,1,1,1,0,50,17.8,10.6,23.0,0.0,0.0,0.0,0.0,13.3,35.6,36.3,0.0,0.0,17.2,21.07,0.0,0,0,0,0,0,0,0,0,0,0,0,3,0,,0,2,2,5|11|12|17|25,0,0,0,0,0,0,0,0,0,0
2025-06-03,1,workday,0,0,0,1,1,1,0,50,19.5,14.7,23.4,0.1,0.1,0.0,0.0,15.5,40.7,51.9,0.0,0.0,17.23,21.08,1.0,0,0,0,0,0,3,0,0,0,0,0,0,0,,0,1,2,11|12|17|25|50,0,0,0,0,0,0,0,0,0,0
2025-06-04,2,workday,0,0,0,1,1,1,0,50,18.7,14.8,22.3,0.4,0.4,0.0,0.0,17.5,43.2,47.2,0.0,0.0,17.27,21.1,4.0,0,0,0,0,0,1,1,0,0,0,0,0,0,,0,1,2,5|11|12|17|25,0,0,0,0,0,0,0,0,0,0
2025-06-05,3,workday,0,0,0,1,1,1,0,50,20.1,13.2,25.2,0.0,0.0,0.0,0.0,12.5,32.0,45.2,0.0,0.0,17.3,21.12,0.0,0,0,0,0,0,4,1,0,0,0,1,0,0,,0,2,2,11|12|17|25|50,0,0,0,0,0,0,0,0,0,0
2025-06-06,4,workday,0,0,0,1,1,1,0,50,21.6,16.4,26.5,2.7,2.7,0.0,0.0,15.9,41.8,53.4,1.8,0.0,17.33,21.13,5.0,0,0,0,0,0,2,0,0,0,0,0,0,0,,0,4,2,7|11|12|17|25|50,0,0,0,0,0,0,0,0,0,0
2025-06-07,5,dayoff,0,0,0,1,1,1,0,50,22.8,18.5,27.3,3.3,3.3,0.0,0.0,17.7,47.5,59.3,0.0,0.0,17.36,21.15,2.0,0,0,0,0,0,0,0,0,0,0,0,0,0,,0,5,2,5|11|12|17|25|50,0,0,0,0,0,0,0,0,0,0
2025-06-08,6,dayoff,0,0,0,1,1,1,0,50,22.1,17.1,27.3,1.9,1.9,0.0,0.0,17.2,47.9,73.8,1.9000000000000001,0.0,17.39,21.17,2.0,0,0,0,0,0,1,0,0,0,0,0,0,0,,0,4,2,11|12|17|25|50,0,0,0,0,0,0,0,0,0,0
2025-06-09,0,workday,0,0,0,1,1,1,0,50,22.1,18.0,26.9,1.7,1.7,0.0,0.0,19.3,56.9,70.5,0.2,0.0,17.42,21.18,3.0,0,0,0,0,0,0,0,0,0,0,1,0,0,,0,5,2,5|7|11|12|17|25|50,0,0,0,0,0,0,0,0,0,0
2025-06-10,1,workday,0,0,0,1,1,1,0,50,17.4,13.7,20.4,0.0,0.0,0.0,0.0,15.3,41.0,49.2,0.0,0.0,17.44,21.2,0.0,0,0,0,0,0,0,0,0,0,0,0,0,0,,0,3,2,7|11|12|17|25|50,1,0,0,0,0,0,0,0,0,0
2025-06-11,2,short,0,0,0,1,1,1,0,50,16.3,10.8,20.2,0.0,0.0,0.0,0.0,9.5,24.8,54.7,0.0,0.0,17.46,21.22,0.0,0,0,0,0,0,1,0,0,0,0,0,0,0,,0,7,2,5|7|11|12|17|25|50,0,0,0,0,0,0,0,0,0,0
2025-06-12,3,dayoff,1,0,0,1,1,1,0,50,17.8,14.4,21.5,3.7,3.7,0.0,0.0,10.8,29.5,53.8,0.0,0.0,17.48,21.23,5.0,0,0,0,0,0,0,0,0,0,0,0,0,0,,0,1,2,11|12|17|25|50,0,0,0,0,0,0,0,0,0,0
2025-06-13,4,dayoff,1,0,0,1,1,1,0,50,16.4,14.1,20.4,10.4,10.4,0.0,0.0,17.0,43.9,72.2,2.3,0.0,17.5,21.25,13.0,0,0,0,0,0,0,0,0,0,0,0,0,0,,0,3,2,11|12|17|25|50,0,0,0,0,0,0,0,0,0,0
2025-06-14,5,dayoff,0,0,0,1,1,1,0,50,14.5,12.2,17.7,10.0,10.0,0.0,0.0,16.2,46.8,83.6,1.2999999999999998,0.0,17.52,21.25,14.0,0,0,0,0,0,0,0,0,0,0,0,0,0,,0,8,2,5|7|11|12|17|25|50,0,0,0,0,0,0,0,0,0,0
2025-06-15,6,dayoff,0,0,0,1,1,1,0,50,15.1,12.9,17.7,5.7,5.7,0.0,0.0,19.0,45.4,81.2,0.5,0.0,17.53,21.27,15.0,0,0,0,0,0,1,0,0,0,0,0,0,0,,0,8,2,5|7|11|12|17|25|50,0,0,0,0,0,0,0,0,0,0
2025-06-16,0,workday,0,0,0,1,1,1,0,50,18.5,13.0,23.1,0.0,0.0,0.0,0.0,12.0,33.1,69.1,0.0,0.0,17.54,21.27,0.0,0,0,0,0,0,0,0,0,0,0,0,0,0,,0,4,1,5|7|11|17|25|50,0,0,0,0,0,0,0,0,0,0
2025-06-17,1,workday,0,0,0,1,1,1,0,50,17.8,14.5,22.0,5.2,5.2,0.0,0.0,9.7,27.0,80.5,2.3,0.0,17.55,21.28,8.0,0,0,0,0,0,1,0,0,0,0,0,0,0,,0,4,1,7|11|12|17|25|50,0,0,0,0,0,0,0,0,0,0
2025-06-18,2,workday,0,0,0,1,1,1,0,50,16.5,14.7,19.7,4.1,4.1,0.0,0.0,9.5,24.5,84.6,0.6,0.0,17.56,21.28,13.0,0,0,0,0,0,2,0,0,0,0,0,0,0,,0,4,1,7|11|12|17|25|50,0,0,0,0,0,0,0,0,0,0
2025-06-19,3,workday,0,0,0,1,1,1,0,50,15.2,13.1,17.8,4.7,4.7,0.0,0.0,19.8,47.9,80.7,0.4,0.0,17.56,21.28,11.0,0,0,0,0,0,3,1,0,0,0,0,0,0,,0,8,1,5|7|11|12|17|25|50,0,0,0,0,0,0,0,0,0,0
2025-06-20,4,workday,0,0,0,1,1,1,0,50,13.7,11.3,17.0,7.8,7.8,0.0,0.0,14.5,36.7,82.8,1.4,0.0,17.56,21.3,10.0,0,0,0,0,0,2,0,0,0,0,0,0,0,,0,5,1,7|11|17|25|50,0,0,0,0,0,0,0,0,0,0
2025-06-21,5,dayoff,0,0,0,1,1,1,0,50,13.8,11.8,16.5,0.1,0.1,0.0,0.0,17.5,42.1,70.1,0.0,0.0,17.56,21.3,1.0,0,0,0,0,0,2,1,0,0,0,0,0,0,,0,2,1,5|11|17|25|50,0,0,0,0,0,0,0,0,0,0
2025-06-22,6,dayoff,0,0,0,1,1,1,0,50,13.2,9.9,16.3,2.6,2.6,0.0,0.0,14.3,36.7,73.4,0.5,0.0,17.56,21.3,7.0,0,0,0,0,0,0,0,0,0,0,0,0,0,,0,4,1,11|12|17|25|50,0,0,0,0,0,0,0,0,0,0
2025-06-23,0,workday,0,0,0,1,1,1,0,50,15.4,11.0,19.4,0.0,0.0,0.0,0.0,9.9,27.4,66.6,0.0,0.0,17.56,21.3,0.0,0,0,0,0,0,1,0,0,0,0,0,0,0,,0,3,1,7|11|12|17|25|50,0,0,0,0,0,0,0,0,0,0
2025-06-24,1,workday,0,0,0,1,1,1,0,50,16.3,11.3,20.4,1.9,1.9,0.0,0.0,20.0,49.3,70.9,0.2,0.0,17.55,21.3,4.0,0,0,0,0,0,0,0,0,0,0,0,0,0,,0,5,1,5|7|11|17|25,0,0,0,0,0,0,0,0,0,0
2025-06-25,2,workday,0,0,0,1,1,1,0,50,15.9,12.9,18.9,1.8,1.8,0.0,0.0,19.1,50.0,73.2,0.0,0.0,17.54,21.3,3.0,0,0,0,0,0,2,1,0,0,0,0,0,0,,0,3,1,5|7|11|17|25,0,0,0,0,0,0,0,0,0,0
2025-06-26,3,workday,0,0,0,1,1,1,0,50,15.7,12.8,19.4,1.1,1.1,0.0,0.0,18.0,44.3,74.3,0.5,0.0,17.53,21.3,7.0,0,0,0,0,0,3,0,0,0,0,0,1,0,,0,5,1,5|7|11|17|25|28,0,0,0,0,0,0,0,0,0,0
2025-06-27,4,workday,0,0,0,1,1,1,0,50,14.6,11.1,18.5,0.0,0.0,0.0,0.0,18.6,46.1,64.4,0.0,0.0,17.52,21.3,0.0,0,0,0,0,0,4,1,0,0,0,0,1,0,,0,2,1,11|12|17|25|50,0,0,0,0,0,0,0,0,0,0
2025-06-28,5,dayoff,0,0,0,1,1,1,0,50,16.7,10.2,22.4,0.0,0.0,0.0,0.0,11.9,28.4,61.2,0.0,0.0,17.5,21.3,0.0,0,0,0,0,0,1,0,0,0,0,0,0,0,,0,5,1,5|7|11|17|25|50,0,0,0,0,0,0,0,0,0,0
2025-06-29,6,dayoff,0,0,0,1,1,1,0,50,16.9,13.3,21.6,7.7,7.7,0.0,0.0,18.6,47.2,70.7,3.1,0.0,17.49,21.28,9.0,0,0,0,0,0,0,0,0,0,0,0,0,0,,0,5,1,5|7|11|12|17|25|50,1,0,0,0,0,0,0,0,0,0
2025-06-30,0,workday,0,0,0,1,1,1,0,50,12.5,11.0,14.7,8.3,8.3,0.0,0.0,21.4,52.6,85.1,3.2,0.0,17.47,21.28,20.0,0,0,0,0,0,0,0,0,0,0,0,0,0,,0,1,0,7|11,0,0,0,0,0,0,0,0,0,0
2025-07-01,1,workday,0,0,0,1,1,1,0,50,13.0,11.2,15.3,7.6,7.6,0.0,0.0,23.1,55.1,83.4,2.4,0.0,17.45,21.27,15.0,0,0,0,0,0,1,0,0,0,0,0,0,0,,0,1,0,7|11,0,0,0,0,0,0,0,0,0,0
2025-07-02,2,workday,0,0,0,1,1,1,0,50,15.5,12.0,19.6,1.5,1.5,0.0,0.0,18.2,44.3,73.5,0.4,0.0,17.43,21.27,12.0,0,0,0,0,0,2,1,0,0,0,0,1,0,,0,4,0,5|7|11|12,0,0,0,0,0,0,0,0,0,0
2025-07-03,3,workday,0,0,0,1,1,1,0,50,20.0,14.8,25.0,0.0,0.0,0.0,0.0,15.7,42.8,69.2,0.0,0.0,17.4,21.25,0.0,0,0,0,0,0,5,1,0,0,0,0,0,0,,0,1,1,7|12|50,1,0,0,0,0,0,0,0,0,0
2025-07-04,4,workday,0,0,0,1,1,1,0,50,21.0,16.8,24.7,1.5,1.5,0.0,0.0,16.4,47.5,69.5,0.0,0.0,17.38,21.25,2.0,0,0,0,0,0,2,1,0,0,0,0,1,0,,0,3,1,7|11|12|50,0,0,0,0,0,0,0,0,0,0
2025-07-05,5,dayoff,0,0,0,1,1,1,0,50,16.8,13.7,20.1,0.0,0.0,0.0,0.0,17.5,44.3,59.5,0.0,0.0,17.35,21.23,0.0,0,0,0,0,0,0,0,0,0,0,0,0,0,,0,2,1,5|7|11|17|25|50,1,0,0,0,0,0,0,0,0,0
2025-07-06,6,dayoff,0,0,0,1,1,1,0,50,16.5,12.2,21.9,0.1,0.1,0.0,0.0,13.0,32.4,63.6,0.0,0.0,17.32,21.22,1.0,0,0,0,0,0,0,0,0,0,0,0,0,0,,0,0,1,7|50,0,0,0,0,0,0,0,0,0,0
2025-07-07,0,workday,0,0,0,1,1,1,0,50,21.9,16.0,27.7,0.1,0.1,0.0,0.0,14.8,38.5,56.1,0.0,0.0,17.29,21.2,1.0,0,0,0,0,0,1,0,0,0,0,0,0,0,,0,2,1,5|7|11|50,0,0,0,0,0,0,0,0,0,0
2025-07-08,1,workday,0,0,0,1,0,0,1,,24.9,18.6,31.7,1.6,1.6,0.0,0.0,17.8,54.0,59.8,1.6,0.0,17.25,21.2,1.0,0,0,0,0,0,0,0,0,0,0,0,0,0,,0,3,1,7|11|50,0,0,0,0,0,0,0,0,0,0
2025-07-09,2,workday,0,0,0,1,0,0,1,,25.7,20.8,31.3,1.5,1.5,0.0,0.0,10.9,43.2,63.5,1.5,0.0,17.22,21.18,2.0,0,0,0,0,0,0,0,0,0,0,0,1,0,,0,3,1,7|11|50,0,0,0,0,0,0,0,0,0,0
2025-07-10,3,workday,0,0,0,1,0,0,1,,28.0,22.4,33.5,0.0,0.0,0.0,0.0,17.8,44.3,46.6,0.0,0.0,17.18,21.17,0.0,0,0,0,0,0,2,0,0,0,0,0,1,0,,0,4,1,7|11|50,0,0,0,0,0,0,0,0,0,0
2025-07-11,4,workday,0,0,0,1,0,0,1,,29.0,21.8,35.1,0.0,0.0,0.0,0.0,17.3,46.4,39.3,0.0,0.0,17.14,21.15,0.0,0,0,0,0,0,2,1,0,0,0,0,0,0,,0,3,1,7|11|12|50,0,0,0,0,0,0,0,0,0,0
2025-07-12,5,dayoff,0,0,0,1,0,0,1,,29.0,23.7,33.2,0.6,0.6,0.0,0.0,14.0,41.0,41.6,0.2,0.0,17.1,21.12,2.0,0,0,0,0,0,2,0,0,0,0,0,0,0,,0,1,1,7|12|50,0,0,0,0,0,0,0,0,0,0
2025-07-13,6,dayoff,0,0,0,1,0,0,1,,26.4,21.4,30.9,3.1,3.1,0.0,0.0,12.4,34.2,57.1,3.1,0.0,17.06,21.1,2.0,0,0,0,0,0,0,0,0,0,0,0,0,0,,0,1,1,7|50,0,0,0,0,0,0,0,0,0,0
2025-07-14,0,workday,0,0,0,1,0,0,1,,23.8,19.9,28.0,1.8,1.8,0.0,0.0,11.0,32.8,74.4,0.9,0.0,17.01,21.08,9.0,0,0,0,0,0,0,0,0,1,0,2,0,0,,0,2,1,7|11|50,0,0,0,0,0,0,0,0,0,0
2025-07-15,1,workday,0,0,0,1,0,0,1,,22.3,18.7,26.7,9.0,9.0,0.0,0.0,9.1,30.6,75.1,0.0,0.0,16.97,21.07,4.0,0,0,0,0,0,3,1,0,0,0,0,0,0,,0,5,1,7|11|12|50,1,0,0,0,0,0,0,0,0,0
2025-07-16,2,workday,0,0,0,1,0,0,1,,21.0,17.8,24.6,7.4,7.4,0.0,0.0,8.9,27.0,78.7,2.4,0.0,16.92,21.03,10.0,0,0,0,0,0,0,0,0,0,0,2,0,0,,0,1,2,7|11|17|25|50,0,0,0,0,0,0,0,0,0,0
2025-07-17,3,workday,0,0,0,1,0,0,1,,21.2,17.3,25.3,5.6,5.6,0.0,0.0,9.0,23.0,75.0,4.0,0.0,16.87,21.02,7.0,0,0,0,0,0,0,0,0,0,0,0,0,0,,0,4,2,5|7|11|12|17|25|50,0,0,0,0,0,0,0,0,0,0
2025-07-18,4,workday,0,0,0,1,0,0,1,,21.6,16.8,26.1,0.0,0.0,0.0,0.0,13.6,34.2,61.0,0.0,0.0,16.82,21.0,0.0,0,0,0,0,0,2,1,0,0,0,0,1,0,,0,4,2,7|11|12|17|25|50,0,0,0,0,0,0,0,0,0,0
2025-07-19,5,dayoff,0,0,0,1,0,0,1,,21.4,16.3,26.5,1.4,1.4,0.0,0.0,19.0,50.0,59.1,0.7,0.0,16.77,20.97,5.0,0,0,0,0,0,0,0,0,0,0,0,0,8102,18:00,1,2,2,7|11|12|17|25|28|50,0,0,0,0,0,0,0,0,0,0
2025-07-20,6,dayoff,0,0,0,1,0,0,1,,21.9,18.9,25.7,0.6,0.6,0.0,0.0,16.6,42.1,73.8,0.1,0.0,16.72,20.95,6.0,0,0,0,0,0,0,0,0,0,0,0,0,0,,0,2,2,5|7|11|12|17|25|50,0,0,0,0,0,0,0,0,0,0
2025-07-21,0,workday,0,0,0,1,0,0,1,,18.9,17.7,20.5,31.2,31.2,0.0,0.0,13.9,30.6,89.4,12.6,0.0,16.67,20.92,18.0,0,0,0,0,0,6,1,0,0,0,0,0,0,,0,2,2,7|11|17|25|50,0,0,0,0,0,0,0,0,0,0
2025-07-22,1,workday,0,0,0,1,0,0,1,,19.6,16.9,22.4,3.2,3.2,0.0,0.0,10.1,26.3,85.1,1.2,0.0,16.61,20.9,16.0,0,0,0,0,0,8,0,0,0,0,0,0,0,,0,4,3,7|11|12|17|25|50,0,0,0,0,0,0,0,0,0,0
2025-07-23,2,workday,0,0,0,1,0,0,1,,20.4,16.8,24.3,1.4,1.4,0.0,0.0,8.1,25.9,81.0,0.30000000000000004,0.0,16.56,20.87,6.0,0,0,0,0,0,1,0,0,0,0,0,0,0,,0,3,3,7|11|12|17|25|50,1,0,0,0,0,0,0,0,0,0
2025-07-24,3,workday,0,0,0,1,0,0,1,,21.3,17.5,24.7,3.0,3.0,0.0,0.0,8.8,29.2,78.5,0.1,0.0,16.5,20.83,6.0,0,0,0,0,0,4,1,0,0,0,0,0,0,,0,4,3,7|11|12|17|25|50,0,0,0,0,0,0,0,0,0,0
2025-07-25,4,workday,0,0,0,1,0,0,1,,22.6,17.7,27.2,0.0,0.0,0.0,0.0,10.2,22.7,67.8,0.0,0.0,16.45,20.82,0.0,0,0,0,0,0,1,0,0,0,0,0,0,0,,0,2,3,7|11|12|17|25|50,0,0,0,0,0,0,0,0,0,0
2025-07-26,5,dayoff,0,0,0,1,0,0,1,,20.9,15.3,25.8,0.0,0.0,0.0,0.0,8.7,25.2,57.7,0.0,0.0,16.39,20.78,0.0,0,0,0,0,0,0,0,0,0,0,0,0,0,,0,0,3,7|11|12|17|25|50,0,0,0,0,0,0,0,0,0,0
2025-07-27,6,dayoff,0,0,0,1,0,0,1,,22.5,15.7,27.6,0.0,0.0,0.0,0.0,7.6,24.8,53.5,0.0,0.0,16.33,20.75,0.0,0,0,0,0,0,0,0,0,0,0,0,0,0,,0,0,3,7|11|12|17|25|50,0,0,0,0,0,0,0,0,0,0
2025-07-28,0,workday,0,0,0,1,0,0,1,,25.0,19.0,29.7,0.0,0.0,0.0,0.0,9.0,26.3,50.5,0.0,0.0,16.27,20.72,0.0,0,0,0,0,0,0,0,0,0,0,0,0,0,,0,2,3,7|11|12|17|25|50,0,0,0,0,0,0,0,0,0,0
2025-07-29,1,workday,0,0,0,1,0,0,1,,25.7,20.0,30.3,0.2,0.2,0.0,0.0,10.7,29.9,53.9,0.2,0.0,16.21,20.68,2.0,0,0,0,0,0,0,0,0,0,0,0,0,0,,0,4,3,7|11|12|17|25|50,0,0,0,0,0,0,0,0,0,0
2025-07-30,2,workday,0,0,0,1,0,0,1,,25.5,19.9,30.2,0.1,0.1,0.0,0.0,10.4,28.8,53.4,0.1,0.0,16.15,20.65,1.0,0,0,0,0,0,0,0,0,0,0,0,0,0,,0,3,3,7|11|12|17|25|50,0,0,0,0,0,0,0,0,0,0
2025-07-31,3,workday,0,0,0,1,0,0,1,,25.6,20.6,29.4,0.1,0.1,0.0,0.0,12.8,36.0,51.3,0.1,0.0,16.09,20.62,1.0,0,0,0,0,0,1,1,0,0,0,0,0,0,,0,3,3,7|11|12|17|25|50,0,0,0,0,0,0,0,0,0,0
2025-08-01,4,workday,0,0,0,1,0,0,1,,22.1,19.3,25.6,18.3,18.3,0.0,0.0,15.3,46.1,70.9,1.9,0.0,16.02,20.58,12.0,0,0,0,0,0,2,0,0,0,0,1,0,0,,0,2,3,7|11|12|17|25|50,0,0,0,0,0,0,0,0,0,0
2025-08-02,5,dayoff,0,0,0,1,0,0,1,,20.9,18.6,23.7,1.1,1.1,0.0,0.0,10.9,28.8,80.4,0.1,0.0,15.96,20.55,9.0,0,0,0,0,0,0,0,0,0,0,1,0,0,,0,0,3,7|11|12|17|25|50,1,0,0,0,0,0,0,0,0,0
2025-08-03,6,dayoff,0,0,0,1,0,0,1,,21.2,15.9,25.9,0.2,0.2,0.0,0.0,8.7,24.1,71.9,0.0,0.0,15.89,20.52,1.0,0,0,0,0,0,0,0,0,0,0,0,0,0,,0,0,3,7|11|12|17|25|50,0,0,0,0,0,0,0,0,0,0
2025-08-04,0,workday,0,0,0,1,0,0,1,,19.7,18.5,22.6,21.7,21.7,0.0,0.0,12.0,25.6,90.0,6.3,0.0,15.83,20.48,13.0,0,0,0,0,0,4,1,0,0,0,0,0,0,,0,2,2,7|11|12|17|25,0,0,0,0,0,0,0,0,0,0
2025-08-05,1,workday,0,0,0,1,0,0,1,,20.6,18.4,23.3,7.4,7.4,0.0,0.0,17.1,42.1,84.8,0.7,0.0,15.76,20.45,17.0,0,0,0,0,0,3,1,0,0,0,0,0,0,,0,6,2,7|11|12|17|25,0,0,0,0,0,0,0,0,0,0
2025-08-06,2,workday,0,0,0,1,0,0,1,,21.0,17.2,24.7,0.0,0.0,0.0,0.0,11.4,30.6,72.3,0.0,0.0,15.69,20.42,0.0,0,0,0,0,0,6,1,0,0,0,0,0,0,,0,2,4,7|11|12|17|25|26,0,0,0,0,0,0,0,0,0,0
2025-08-07,3,workday,0,0,0,1,0,0,1,,18.1,16.1,19.8,5.2,5.2,0.0,0.0,13.7,32.4,79.2,1.8,0.0,15.62,20.38,7.0,0,0,0,0,0,6,1,0,0,0,0,0,0,,0,3,4,7|11|12|17|25|26|28,0,0,0,0,0,0,0,0,0,0
2025-08-08,4,workday,0,0,0,1,0,0,1,,17.1,12.7,21.1,0.1,0.1,0.0,0.0,11.2,30.6,68.2,0.0,0.0,15.55,20.35,1.0,0,0,0,0,0,3,0,0,0,0,0,0,0,,0,3,4,7|11|12|17|25|26|28,0,0,0,0,0,0,0,0,0,0
2025-08-09,5,dayoff,0,0,0,1,0,0,1,,16.0,13.4,19.5,10.3,10.3,0.0,0.0,10.2,27.0,82.6,8.8,0.0,15.49,20.3,11.0,0,0,0,0,0,2,1,0,0,0,1,0,21808,18:00,1,0,4,11|12|17|25|26,0,0,0,0,0,0,0,0,0,0
2025-08-10,6,dayoff,0,0,0,1,0,0,1,,17.3,12.9,21.5,0.1,0.1,0.0,0.0,10.6,28.8,74.1,0.0,0.0,15.42,20.27,1.0,0,0,0,0,0,1,1,0,0,0,0,0,0,,0,0,4,11|12|17|25|26,0,0,0,0,0,0,0,0,0,0
2025-08-11,0,workday,0,0,0,1,0,0,1,,16.6,14.3,19.5,1.9,1.9,0.0,0.0,8.7,23.0,81.0,1.5,0.0,15.35,20.23,6.0,0,0,0,0,0,0,0,0,0,0,0,0,0,,0,2,4,7|11|12|17|25|26,0,0,0,0,0,0,0,0,0,0
2025-08-12,1,workday,0,0,0,1,0,0,1,,16.6,14.1,20.4,5.0,5.0,0.0,0.0,12.3,34.9,85.0,3.0,0.0,15.28,20.2,7.0,0,0,0,0,0,0,0,0,0,0,0,0,0,,0,4,4,7|11|12|17|25|26,0,0,0,0,0,0,0,0,0,0
2025-08-13,2,workday,0,0,0,1,0,0,1,,16.7,13.0,20.7,1.0,1.0,0.0,0.0,14.9,38.9,72.8,0.8,0.0,15.21,20.17,4.0,0,0,0,0,0,2,1,0,0,0,0,0,11045,18:30,1,3,4,7|11|12|17|25|26,0,0,0,0,0,0,0,0,0,0
2025-08-14,3,workday,0,0,0,1,0,0,1,,15.1,11.6,18.1,0.5,0.5,0.0,0.0,13.8,33.8,78.4,0.2,0.0,15.14,20.12,5.0,0,0,0,0,0,2,0,0,0,0,0,0,0,,0,3,4,7|11|12|17|25|26,0,0,0,0,0,0,0,0,0,0
2025-08-15,4,workday,0,0,0,1,0,0,1,,18.3,14.6,22.9,0.0,0.0,0.0,0.0,14.1,36.0,69.6,0.0,0.0,15.07,20.08,0.0,0,0,0,0,0,5,1,0,0,0,2,1,0,,0,2,4,7|11|12|17|25|26,0,0,0,0,0,0,0,0,0,0
2025-08-16,5,dayoff,0,0,0,1,0,0,1,,18.2,12.3,23.1,0.0,0.0,0.0,0.0,13.4,31.7,68.5,0.0,0.0,15.0,20.05,0.0,0,0,0,0,0,2,0,0,0,0,0,0,0,,0,0,4,11|12|17|25|26,0,0,0,0,0,0,0,0,0,0
2025-08-17,6,dayoff,0,0,0,1,0,0,1,,17.4,14.1,20.0,1.4,1.4,0.0,0.0,12.4,32.4,67.8,0.2,0.0,14.93,20.0,5.0,0,0,0,0,0,1,1,0,0,0,0,0,0,,0,1,4,5|11|12|17|25|26|50,0,0,0,0,0,0,0,0,0,0
2025-08-18,0,workday,0,0,0,1,0,0,1,,13.9,11.1,17.4,4.2,4.2,0.0,0.0,12.3,31.3,78.7,3.0,0.0,14.86,19.97,13.0,0,0,0,0,0,1,0,0,0,0,0,0,0,,0,2,4,7|11|12|17|25|26,0,0,0,0,0,0,0,0,0,0
2025-08-19,1,workday,0,0,0,1,0,0,1,,16.6,14.0,19.6,0.5,0.5,0.0,0.0,17.9,43.9,75.5,0.2,0.0,14.78,19.93,4.0,0,0,0,0,0,0,0,0,0,0,0,0,0,,0,4,4,7|11|12|17|25|26,0,0,0,0,0,0,0,0,0,0
2025-08-20,2,workday,0,0,0,1,0,0,1,,16.6,12.8,21.9,6.8,6.8,0.0,0.0,19.8,48.2,78.7,2.1,0.0,14.71,19.88,7.0,0,0,0,0,0,2,1,0,1,0,0,0,0,,0,2,4,7|11|12|17|25|26,0,0,0,0,0,0,0,0,0,0
2025-08-21,3,workday,0,0,0,1,0,0,1,,14.3,12.1,15.8,9.0,9.0,0.0,0.0,9.2,22.7,79.9,3.9,0.0,14.64,19.85,11.0,0,0,0,0,0,1,0,0,0,0,0,0,0,,0,4,4,7|11|12|17|25|26,0,0,0,0,0,0,0,0,0,0
2025-08-22,4,workday,0,0,0,1,0,0,1,,13.3,8.7,17.6,0.0,0.0,0.0,0.0,11.9,30.2,76.7,0.0,0.0,14.56,19.8,0.0,0,0,0,0,0,1,1,0,0,0,0,0,0,,0,1,4,7|11|12|17|25|26,0,0,0,0,0,0,0,0,0,0
2025-08-23,5,dayoff,0,0,0,1,0,0,1,,14.0,10.6,17.4,0.0,0.0,0.0,0.0,10.4,24.5,77.4,0.0,0.0,14.49,19.77,0.0,0,0,0,0,0,1,1,0,0,0,0,0,11055,18:30,1,0,4,11|12|17|25|26,0,0,0,0,0,0,0,0,0,0
2025-08-24,6,dayoff,0,0,0,1,0,0,1,,14.4,9.7,18.4,0.0,0.0,0.0,0.0,9.5,22.7,76.2,0.0,0.0,14.42,19.72,0.0,0,0,0,0,0,2,1,0,0,0,0,0,0,,0,2,4,7|11|12|17|25|26,0,0,0,0,0,0,0,0,0,0
2025-08-25,0,workday,0,0,0,1,0,0,1,,12.5,9.3,15.7,1.5,1.5,0.0,0.0,16.5,42.5,75.5,0.0,0.0,14.34,19.68,6.0,0,0,0,0,0,2,0,0,0,0,0,0,0,,0,2,3,7|11|17|25|26,0,0,0,0,0,0,0,0,0,0
2025-08-26,1,workday,0,0,0,1,0,0,1,,12.0,9.5,15.5,2.2,2.2,0.0,0.0,14.5,37.8,80.0,1.0,0.0,14.27,19.63,9.0,0,0,0,0,0,0,0,0,0,0,1,0,0,,0,4,3,7|11|17|25|26,0,0,0,0,0,0,0,0,0,0
2025-08-27,2,workday,0,0,0,1,0,0,1,,12.4,8.9,15.8,1.0,1.0,0.0,0.0,13.0,34.6,77.7,0.4,0.0,14.19,19.6,4.0,0,0,0,0,0,1,0,0,1,0,0,0,0,,0,3,3,7|11|17|25|26,0,0,0,0,0,0,0,0,0,0
2025-08-28,3,workday,0,0,0,1,0,0,1,,13.6,9.4,17.8,0.1,0.1,0.0,0.0,18.6,47.5,68.8,0.0,0.0,14.12,19.55,1.0,0,0,0,0,0,1,0,0,0,0,0,0,10653,19:30,1,2,3,7|11|17|25|26,0,0,0,0,0,0,0,0,0,0
2025-08-29,4,workday,0,0,0,1,0,0,1,,15.7,11.5,19.9,0.9,0.9,0.0,0.0,12.1,26.6,78.0,0.0,0.0,14.04,19.52,3.0,0,0,0,0,0,0,0,0,0,0,0,0,0,,0,1,3,11|12|17|25|26,0,0,0,0,0,0,0,0,0,0
2025-08-30,5,dayoff,0,0,0,1,0,0,1,,21.7,16.9,27.5,0.0,0.0,0.0,0.0,14.0,33.5,63.1,0.0,0.0,13.97,19.47,0.0,0,0,0,0,0,3,0,0,0,0,0,0,0,,0,2,3,7|11|17|25|26,0,0,0,0,0,0,0,0,0,0
2025-08-31,6,dayoff,0,0,0,1,0,0,1,,21.6,15.7,28.1,0.0,0.0,0.0,0.0,11.1,25.6,63.0,0.0,0.0,13.89,19.42,0.0,0,0,0,0,0,0,0,0,0,0,0,0,9733,15:45,1,2,3,7|11|17|25|26,0,0,0,0,0,0,0,0,0,0
2025-09-01,0,workday,0,0,0,0,0,0,0,,18.7,15.7,21.9,0.0,0.0,0.0,0.0,15.4,39.2,72.8,0.0,0.0,13.82,19.38,0.0,0,0,0,0,0,0,0,0,1,0,0,0,0,,0,0,3,11|17|25|26,0,0,0,0,0,0,0,0,0,0
2025-09-02,1,workday,0,0,0,0,0,0,0,,15.1,13.8,17.1,0.0,0.0,0.0,0.0,16.7,41.4,76.5,0.0,0.0,13.74,19.33,0.0,0,0,0,0,0,0,0,0,0,0,0,0,0,,0,0,3,11|17|25|26,0,0,0,0,0,0,0,0,0,0
2025-09-03,2,workday,0,0,0,0,0,0,0,,15.1,12.3,19.2,0.0,0.0,0.0,0.0,12.8,32.8,72.4,0.0,0.0,13.67,19.3,0.0,0,0,0,0,0,0,0,0,0,0,0,0,0,,0,0,3,11|17|25|26,0,0,0,0,0,0,0,0,0,0
2025-09-04,3,workday,0,0,0,0,0,0,0,,14.8,12.1,18.5,0.1,0.1,0.0,0.0,10.2,26.3,72.1,0.0,0.0,13.59,19.25,1.0,0,0,0,0,0,0,0,0,0,0,0,0,0,,0,0,3,11|17|25|26,0,0,0,0,0,0,0,0,0,0
2025-09-05,4,workday,0,0,0,0,0,0,0,,15.7,10.4,20.1,0.0,0.0,0.0,0.0,6.9,20.5,73.1,0.0,0.0,13.52,19.22,0.0,0,0,0,0,0,5,0,0,0,0,0,1,0,,0,0,3,11|17|25|26,0,0,0,0,0,0,0,0,0,0
2025-09-06,5,dayoff,0,0,0,0,0,0,0,,16.3,11.0,21.2,0.0,0.0,0.0,0.0,8.5,24.5,70.7,0.0,0.0,13.45,19.17,0.0,0,0,0,0,0,0,0,0,0,0,0,0,0,,0,1,3,11|17|25|26|50,0,0,0,0,1,1,0,0,0,0
2025-09-07,6,dayoff,0,0,0,0,0,0,0,,17.0,12.2,22.3,0.0,0.0,0.0,0.0,9.9,22.3,73.2,0.0,0.0,13.37,19.13,0.0,0,0,0,0,0,0,0,0,0,0,0,0,0,,0,1,3,11|17|25|26|50,0,0,0,0,1,1,0,0,0,0
2025-09-08,0,workday,0,0,0,0,0,0,0,,17.1,12.0,22.0,0.0,0.0,0.0,0.0,9.7,24.1,72.5,0.0,0.0,13.29,19.08,0.0,0,0,0,0,0,0,0,0,0,0,0,0,0,,0,1,3,5|11|17|25|26,0,0,0,0,0,0,0,0,0,0
2025-09-09,1,workday,0,0,0,0,0,0,0,,17.2,11.8,22.7,0.0,0.0,0.0,0.0,10.5,24.8,71.3,0.0,0.0,13.22,19.03,0.0,0,0,0,0,0,0,0,0,0,0,0,0,0,,0,1,3,5|11|17|25|26,0,0,0,0,0,0,0,0,0,0
2025-09-10,2,workday,0,0,0,0,0,0,0,,14.8,10.1,19.6,0.0,0.0,0.0,0.0,8.1,20.5,71.4,0.0,0.0,13.14,19.0,0.0,0,0,0,0,0,1,1,0,0,0,0,0,0,,0,1,3,5|11|17|25|26,0,0,0,0,0,0,0,0,0,0
2025-09-11,3,workday,0,0,0,0,0,0,0,,15.1,7.9,21.0,0.0,0.0,0.0,0.0,7.7,15.1,71.0,0.0,0.0,13.07,18.95,0.0,0,0,0,0,0,3,0,0,1,0,0,0,0,,0,1,3,5|11|17|25|26,0,0,0,0,0,0,0,0,0,0
2025-09-12,4,workday,0,0,0,0,0,0,0,,14.5,11.5,17.5,0.0,0.0,0.0,0.0,12.2,31.3,73.8,0.0,0.0,12.99,18.9,0.0,0,0,0,0,0,4,0,0,0,0,1,2,0,,0,1,3,11|12|17|25|26|50,1,0,0,0,0,0,0,0,0,0
2025-09-13,5,dayoff,0,0,0,0,0,0,0,,12.6,7.5,17.4,0.0,0.0,0.0,0.0,8.9,23.8,71.8,0.0,0.0,12.91,18.87,0.0,0,0,0,0,0,1,0,0,0,0,0,0,0,,0,3,3,5|7|11|17|25|26,1,0,0,0,1,1,0,0,0,0
2025-09-14,6,dayoff,0,0,0,0,0,0,0,,13.2,8.1,18.3,0.0,0.0,0.0,0.0,7.7,22.3,67.1,0.0,0.0,12.84,18.82,0.0,0,0,0,0,0,1,0,0,0,0,0,0,0,,0,0,3,11|17|25|26,0,0,0,0,1,1,0,0,0,0
2025-09-15,0,workday,0,0,0,0,0,0,0,,14.6,8.0,21.5,0.0,0.0,0.0,0.0,11.2,25.9,68.5,0.0,0.0,12.76,18.77,0.0,0,0,0,0,0,2,0,0,0,0,0,1,0,,0,1,3,5|11|17|25|26,0,0,0,0,0,0,0,0,0,0
2025-09-16,1,workday,0,0,0,0,0,0,0,,16.1,11.3,21.8,0.0,0.0,0.0,0.0,13.5,31.7,63.0,0.0,0.0,12.68,18.73,0.0,0,0,0,0,0,1,0,0,0,0,1,0,0,,0,2,3,5|11|17|25|26,0,0,0,0,0,0,0,0,0,0
2025-09-17,2,workday,0,0,0,0,0,0,0,,15.5,11.8,20.8,0.0,0.0,0.0,0.0,13.0,33.5,56.9,0.0,0.0,12.61,18.68,0.0,0,0,0,0,0,0,0,0,1,0,0,0,0,,0,3,3,5|7|11|17|25|26,0,0,0,0,0,0,0,0,0,0
2025-09-18,3,workday,0,0,0,0,0,0,0,,13.8,9.4,19.2,0.4,0.4,0.0,0.0,12.6,31.7,64.7,0.0,0.0,12.53,18.63,1.0,0,0,0,0,0,2,1,0,0,0,0,0,0,,0,3,3,5|7|11|17|25|26,0,0,0,0,0,0,0,0,0,0
2025-09-19,4,workday,0,0,0,0,0,0,0,,12.5,10.5,14.9,4.9,4.9,0.0,0.0,14.5,36.0,87.6,1.5,0.0,12.45,18.6,13.0,0,0,0,0,0,0,0,0,0,0,0,2,0,,0,5,3,7|11|12|17|25|26|50,0,0,0,0,0,0,0,0,0,0
2025-09-20,5,dayoff,0,0,0,0,0,0,0,,13.3,10.7,16.0,0.4,0.4,0.0,0.0,16.4,40.7,77.9,0.0,0.0,12.38,18.55,2.0,0,0,0,0,0,0,0,0,1,0,0,0,0,,0,2,3,5|7|11|17|25|26,0,0,0,0,1,1,0,0,0,0
2025-09-21,6,dayoff,0,0,0,0,0,0,0,,17.0,13.3,21.6,0.0,0.0,0.0,0.0,16.0,41.4,77.3,0.0,0.0,12.3,18.52,0.0,0,0,0,0,0,0,0,0,0,0,0,0,0,,0,4,3,7|11|17|25|26,0,0,0,0,1,1,0,0,0,0
2025-09-22,0,workday,0,0,0,0,0,0,0,,19.9,15.1,25.6,0.0,0.0,0.0,0.0,16.7,38.5,75.8,0.0,0.0,12.23,18.47,0.0,0,0,0,0,0,0,0,0,0,0,2,0,0,,0,3,3,5|7|11|17|25|26,0,0,0,0,0,0,0,0,0,0
2025-09-23,1,workday,0,0,0,0,0,0,0,,15.0,11.1,19.7,1.2,1.2,0.0,0.0,12.7,29.9,78.4,0.6000000000000001,0.0,12.15,18.42,7.0,0,0,0,0,0,0,0,0,0,0,0,1,0,,0,4,3,7|11|17|25|26,0,0,0,0,0,0,0,0,0,0
2025-09-24,2,workday,0,0,0,0,0,0,0,,8.9,6.4,11.2,0.1,0.1,0.0,0.0,17.3,42.5,69.5,0.0,0.0,12.07,18.38,1.0,0,0,0,0,0,7,1,0,1,0,2,0,0,,0,4,3,5|7|11|17|25|26,0,0,0,0,0,0,0,0,0,0
2025-09-25,3,workday,0,0,0,0,0,0,0,,8.0,6.1,10.5,0.4,0.4,0.0,0.0,15.8,38.5,69.7,0.0,0.0,12.0,18.33,4.0,0,0,0,0,0,4,1,0,0,0,0,0,0,,0,5,3,7|11|17|25|26,0,0,0,0,0,0,0,0,0,0
2025-09-26,4,workday,0,0,0,0,0,0,0,,8.8,3.3,13.8,0.0,0.0,0.0,0.0,14.6,36.4,72.6,0.0,0.0,11.92,18.3,0.0,0,0,0,0,0,5,1,0,0,0,0,0,0,,0,2,3,11|12|17|25|26|50,0,0,0,0,0,0,0,0,0,0
2025-09-27,5,dayoff,0,0,0,0,0,0,0,,8.6,6.2,11.0,3.6,3.6,0.0,0.0,9.7,23.8,89.5,1.7000000000000002,0.0,11.85,18.25,9.0,0,0,0,0,0,0,0,0,0,0,0,0,9694,16:30,1,4,3,5|7|11|12|17|25|26,0,0,0,0,1,1,0,0,0,0
2025-09-28,6,dayoff,0,0,0,0,0,0,0,,7.2,5.9,9.3,1.2,1.2,0.0,0.0,17.6,43.2,76.0,0.30000000000000004,0.0,11.77,18.2,6.0,0,0,0,0,0,0,0,0,0,0,0,0,0,,0,2,4,7|11|12|17|25|26,0,0,0,0,1,1,0,0,0,0
2025-09-29,0,workday,0,0,0,0,0,0,0,,6.6,4.9,8.7,0.0,0.0,0.0,0.0,18.6,45.0,65.8,0.0,0.0,11.69,18.17,0.0,0,0,0,0,0,0,0,0,0,0,0,0,0,,0,4,4,5|7|11|12|17|25|26,0,0,0,0,0,0,0,0,0,0
2025-09-30,1,workday,0,0,0,0,0,0,0,,5.1,0.4,9.4,0.0,0.0,0.0,0.0,8.3,16.9,71.2,0.0,0.0,11.62,18.12,0.0,0,0,0,0,0,0,0,0,0,0,0,0,0,,0,3,4,7|11|12|17|25|26,0,0,0,0,0,0,0,0,0,0
2025-10-01,2,workday,0,0,0,0,0,0,0,,6.0,0.6,11.9,0.0,0.0,0.0,0.0,8.8,18.4,75.9,0.0,0.0,11.54,18.07,0.0,0,0,0,0,0,0,0,0,0,0,0,0,20011,20:30,1,1,4,5|11|12|17|25|26,0,0,0,0,0,0,0,0,0,0
2025-10-02,3,workday,0,0,0,0,0,0,0,,7.2,2.4,12.2,0.0,0.0,0.0,0.0,9.2,21.2,77.3,0.0,0.0,11.46,18.03,0.0,0,0,0,0,0,1,0,0,0,0,0,0,0,,0,0,4,11|12|17|25|26,0,0,0,0,0,0,0,0,0,0
2025-10-03,4,workday,0,0,0,0,0,0,0,,8.3,4.9,12.2,1.3,1.3,0.0,0.0,8.8,22.3,74.3,0.0,0.0,11.39,17.98,2.0,0,0,0,0,0,0,0,0,0,0,0,0,0,,0,2,4,7|11|12|17|25|26,0,0,0,0,0,0,0,0,0,0
2025-10-04,5,dayoff,0,0,1,0,0,0,0,,9.2,4.6,14.3,0.0,0.0,0.0,0.0,14.9,34.2,70.4,0.0,0.0,11.31,17.95,0.0,0,0,0,0,0,1,0,0,0,0,0,0,0,,0,2,4,5|7|11|12|17|25|26|50,0,0,0,0,1,1,0,0,0,0
2025-10-05,6,dayoff,0,0,1,0,0,0,0,,10.0,7.4,13.3,1.0,1.0,0.0,0.0,13.0,32.0,68.8,0.5,0.0,11.23,17.9,3.0,0,0,0,0,0,0,0,0,0,0,0,0,0,,0,4,4,7|11|12|17|25|26,0,0,0,0,1,1,0,0,0,0
2025-10-06,0,workday,0,0,1,0,0,0,0,,11.1,9.7,13.0,3.3,3.3,0.0,0.0,8.4,19.1,91.4,0.5,0.0,11.16,17.85,13.0,0,0,0,0,0,1,0,0,0,0,2,0,0,,0,3,2,5|7|11|12|17|25,0,0,0,0,0,0,0,0,0,0
2025-10-07,1,workday,0,0,1,0,0,0,0,,10.9,8.7,13.0,0.6,0.6,0.0,0.0,5.8,11.5,91.9,0.0,0.0,11.08,17.82,4.0,0,0,0,0,0,1,1,0,1,0,0,0,0,,0,2,2,7|11|12|17|25,0,0,0,0,0,0,0,0,0,0
2025-10-08,2,workday,0,0,1,0,0,0,0,,11.2,9.4,13.4,0.0,0.0,0.0,0.0,6.0,11.9,89.9,0.0,0.0,11.0,17.77,0.0,0,0,0,0,0,0,0,0,1,0,2,0,0,,0,3,2,5|7|11|12|17|25,0,0,0,0,0,0,0,0,0,0
2025-10-09,3,workday,0,0,1,0,0,0,0,,11.2,8.7,14.2,0.7,0.7,0.0,0.0,11.4,25.6,83.6,0.7,0.0,10.93,17.73,2.0,0,0,1,0,0,1,1,0,0,0,0,0,0,,0,4,2,7|11|12|17|25,0,0,0,0,0,0,0,0,0,0
2025-10-10,4,workday,0,0,1,0,0,0,0,,10.0,8.4,11.4,1.5,1.5,0.0,0.0,13.0,33.1,85.0,0.30000000000000004,0.0,10.85,17.68,7.0,0,0,0,0,0,1,0,0,0,0,0,0,0,,0,6,2,7|11|12|17|25|50,0,0,0,0,0,0,0,0,0,0
2025-10-11,5,dayoff,0,0,1,0,0,0,0,,10.2,8.5,12.2,0.7,0.7,0.0,0.0,13.1,31.7,85.2,0.0,0.0,10.78,17.65,6.0,0,0,0,0,0,0,0,0,0,0,0,0,0,,0,6,2,5|11|12|17|25,0,0,0,0,1,1,0,0,0,0
2025-10-12,6,dayoff,0,0,1,0,0,0,0,,7.2,6.0,9.4,1.0,1.0,0.0,0.0,13.0,32.0,79.5,0.4,0.0,10.7,17.6,8.0,0,0,0,0,0,0,0,0,0,0,0,0,0,,0,3,2,7|11|12|17|25,0,0,0,0,1,1,0,0,0,0
2025-10-13,0,workday,0,0,0,0,0,0,0,,4.2,2.7,6.4,20.6,20.5,0.1,0.0,14.3,33.5,92.3,5.8999999999999995,0.0,10.63,17.57,22.0,0,0,0,0,0,0,0,0,0,0,0,0,0,,0,3,1,5|7|11|12,0,0,0,0,0,0,0,0,0,0
2025-10-14,1,workday,0,0,0,0,0,0,0,,4.4,3.6,5.8,5.1,5.1,0.0,0.0,13.6,34.2,88.2,2.0,0.0,10.55,17.52,21.0,0,0,0,0,0,0,0,0,0,0,0,0,0,,0,3,1,5|7|11|12,0,0,0,0,0,0,0,0,0,0
2025-10-15,2,workday,0,0,0,0,0,0,0,,3.7,0.5,5.4,6.6,6.6,0.0,0.0,14.3,32.4,88.4,2.0,0.0,10.48,17.48,14.0,0,0,0,0,0,2,1,0,0,0,0,0,0,,0,5,1,5|7|11|12,0,0,0,0,0,0,0,0,0,0
2025-10-16,3,workday,0,0,0,0,0,0,0,,3.7,-0.9,5.9,0.5,0.5,0.0,0.0,13.1,32.4,86.4,0.0,0.0,10.4,17.43,5.0,0,0,0,0,0,0,0,0,0,0,0,0,0,,0,4,1,5|7|11|12,0,0,0,0,0,0,0,0,0,0
2025-10-17,4,workday,0,0,0,0,0,0,0,,7.8,6.1,10.5,2.7,2.7,0.0,0.0,16.8,40.0,88.2,1.1,0.0,10.33,17.4,11.0,0,0,0,0,0,2,0,0,0,0,0,0,0,,0,6,1,7|11|12|50,0,0,0,0,0,0,0,0,0,0
2025-10-18,5,dayoff,0,0,0,0,0,0,0,,6.0,4.5,7.2,0.2,0.2,0.0,0.0,10.5,24.1,82.4,0.0,0.0,10.25,17.35,2.0,0,0,0,0,0,0,0,0,1,0,0,0,21230,19:45,1,12,1,5|7|11|12|26|50,0,0,0,0,1,1,0,0,0,0
2025-10-19,6,dayoff,0,0,0,0,0,0,0,,5.7,4.4,7.7,0.3,0.3,0.0,0.0,11.2,28.4,85.3,0.0,0.0,10.18,17.32,3.0,0,0,0,0,0,0,0,0,0,0,0,0,0,,0,6,1,7|11|12,0,0,0,0,1,1,0,0,0,0
2025-10-20,0,workday,0,0,0,0,0,0,0,,6.1,4.3,8.4,0.4,0.4,0.0,0.0,12.0,29.9,85.4,0.0,0.0,10.1,17.28,4.0,0,0,0,0,0,0,0,0,0,0,0,0,0,,0,2,1,5|7|11|12,0,0,0,0,0,0,0,0,0,0
2025-10-21,1,workday,0,0,0,0,0,0,0,,4.2,3.2,5.0,2.4,2.4,0.0,0.0,12.5,28.8,92.9,0.30000000000000004,0.0,10.03,17.23,13.0,0,0,1,1,0,0,0,0,0,0,0,0,0,,0,7,2,5|7|11|12,0,0,0,0,0,0,0,0,0,0
2025-10-22,2,workday,0,0,0,0,0,0,0,,5.1,4.2,6.8,0.0,0.0,0.0,0.0,6.7,16.9,88.0,0.0,0.0,9.95,17.2,0.0,0,0,0,0,0,0,0,0,0,0,0,0,0,,0,2,2,7|11|12,0,0,0,0,0,0,0,0,0,0
2025-10-23,3,workday,0,0,0,0,0,0,0,,4.7,2.8,6.4,0.1,0.1,0.0,0.0,10.6,24.1,78.2,0.0,0.0,9.88,17.15,1.0,0,0,0,0,0,1,1,0,0,0,0,0,0,,0,4,2,5|7|11|12,0,0,0,0,0,0,0,0,0,0
2025-10-24,4,workday,0,0,0,0,0,0,0,,7.0,4.9,9.8,1.9,1.9,0.0,0.0,13.3,29.9,85.5,0.6,0.0,9.81,17.12,9.0,0,0,0,0,0,1,0,0,1,0,0,0,0,,0,6,2,7|11|12|28|50,0,0,0,0,0,0,0,0,0,0
2025-10-25,5,dayoff,0,1,0,0,0,0,0,,9.5,8.1,11.9,0.3,0.3,0.0,0.0,18.2,45.0,84.6,0.0,0.0,9.73,17.08,1.0,0,0,0,0,0,0,0,0,0,0,0,0,0,,0,12,2,5|7|11|12|28|50,0,0,0,0,1,1,0,0,0,0
2025-10-26,6,dayoff,0,1,0,0,0,0,0,,7.3,5.3,8.5,4.7,4.7,0.0,0.0,17.9,45.7,86.1,0.4,0.0,9.66,17.03,16.0,0,0,0,0,0,0,0,0,0,0,0,0,0,,0,4,2,5|7|11|12|50,0,0,0,0,1,1,0,0,0,0
2025-10-27,0,workday,0,1,0,0,0,0,0,,6.3,3.6,9.0,2.8,2.8,0.0,0.0,17.3,38.9,86.2,0.2,0.0,9.58,17.0,6.0,0,0,0,0,0,0,0,0,0,0,0,0,0,,0,3,2,5|7|11|12,0,0,0,0,0,0,0,0,0,0
2025-10-28,1,workday,0,1,0,0,0,0,0,,6.3,5.3,7.7,6.9,6.9,0.0,0.0,13.1,29.9,89.5,1.9000000000000001,0.0,9.51,16.97,14.0,0,0,0,0,0,0,0,0,0,0,1,1,0,,0,2,2,5|7|11|12,0,0,0,0,0,0,1,0,0,0
2025-10-29,2,workday,0,1,0,0,0,0,0,,5.3,4.0,7.6,2.6,2.6,0.0,0.0,11.5,30.6,89.7,0.3,0.0,9.44,16.93,11.0,0,0,0,0,0,1,1,0,0,0,0,0,0,,0,6,2,5|7|11|12,0,0,0,0,0,0,1,0,0,0
2025-10-30,3,workday,0,1,0,0,0,0,0,,5.6,3.9,8.0,0.0,0.0,0.0,0.0,10.3,25.6,90.7,0.0,0.0,9.37,16.88,0.0,0,0,0,0,0,0,0,0,0,0,0,0,0,,0,1,2,7|11|12,0,0,0,0,0,0,1,0,0,0
2025-10-31,4,workday,0,1,0,0,0,0,0,,5.5,4.5,6.5,9.9,9.9,0.0,0.0,17.6,39.6,93.9,3.6,0.0,9.29,16.85,14.0,0,0,0,0,0,0,0,0,0,0,0,0,0,,0,2,2,12|50,0,0,0,0,0,0,1,0,0,0
2025-11-01,5,short,0,1,0,0,0,0,0,,5.4,4.4,6.4,0.0,0.0,0.0,0.0,10.5,23.8,87.5,0.0,0.0,9.22,16.82,0.0,0,0,0,0,0,1,0,0,1,0,1,0,0,,0,4,2,5|7|12|28,0,0,0,0,1,1,1,0,0,0
2025-11-02,6,dayoff,0,1,0,0,0,0,0,,5.0,3.6,7.2,0.1,0.1,0.0,0.0,10.9,24.8,87.1,0.0,0.0,9.15,16.78,1.0,0,0,0,0,0,0,0,0,1,0,0,0,0,,0,6,2,7|12,0,0,0,0,1,1,1,0,0,0
2025-11-03,0,dayoff,1,0,0,0,0,0,0,,6.0,4.0,8.9,1.8,1.8,0.0,0.0,14.8,32.4,83.3,0.0,0.0,9.09,16.75,5.0,0,0,0,0,0,0,0,0,0,0,0,0,0,,0,0,2,12,0,0,0,0,0,0,1,0,0,0
2025-11-04,1,dayoff,1,0,0,0,0,0,0,,8.5,7.8,9.5,3.0,3.0,0.0,0.0,15.0,34.6,87.4,0.6,0.0,9.02,16.72,8.0,0,0,0,0,0,0,0,0,0,0,0,0,0,,0,0,2,12,0,0,0,0,0,0,1,0,0,0
2025-11-05,2,workday,0,0,0,0,0,0,0,,6.4,3.9,8.7,0.0,0.0,0.0,0.0,13.6,36.7,84.1,0.0,0.0,8.95,16.68,0.0,0,0,0,0,0,0,0,0,0,0,0,0,0,,0,2,2,5|12,0,0,0,0,0,0,1,0,0,0
2025-11-06,3,workday,0,0,0,0,0,0,0,,7.1,5.2,8.8,1.6,1.6,0.0,0.0,14.9,34.6,87.0,0.1,0.0,8.88,16.65,5.0,0,0,1,0,0,1,0,0,1,0,0,0,0,,0,0,2,12,0,0,0,0,0,0,1,0,0,0
2025-11-07,4,workday,0,0,0,0,0,0,0,,8.6,7.2,10.0,1.6,1.6,0.0,0.0,13.1,29.9,90.2,0.5,0.0,8.81,16.62,6.0,0,0,0,0,0,2,0,0,0,0,0,0,0,,0,0,2,12,0,0,0,0,0,0,1,0,0,0
2025-11-08,5,dayoff,0,0,0,0,0,0,0,,9.0,8.1,10.5,0.2,0.2,0.0,0.0,15.0,36.0,86.6,0.0,0.0,8.74,16.58,2.0,0,0,0,0,0,0,0,0,0,0,1,0,0,,0,2,2,5|12,0,0,0,0,1,1,1,0,0,0
2025-11-09,6,dayoff,0,0,0,0,0,0,0,,5.9,3.7,8.0,0.0,0.0,0.0,0.0,12.6,30.2,87.8,0.0,0.0,8.68,16.55,0.0,0,0,0,0,0,1,1,0,0,0,0,0,8054,15:15,1,1,2,5|12|50,0,0,0,0,1,1,1,0,0,0
2025-11-10,0,workday,0,0,0,0,0,0,0,,3.2,2.5,3.7,0.0,0.0,0.0,0.0,9.0,22.0,86.8,0.0,0.0,8.61,16.52,0.0,0,0,0,0,0,0,0,0,0,0,0,0,0,,0,2,2,5|12,0,0,0,0,0,0,1,0,0,0
2025-11-11,1,workday,0,0,0,0,0,0,0,,3.6,2.8,5.3,0.0,0.0,0.0,0.0,7.0,15.1,89.7,0.0,0.0,8.54,16.48,0.0,0,0,0,0,0,2,0,0,0,0,0,0,0,,0,0,2,12,0,0,0,0,0,0,1,0,0,0
2025-11-12,2,workday,0,0,0,0,0,0,0,,3.4,2.3,4.3,1.0,1.0,0.0,0.0,13.5,32.8,91.9,0.1,0.0,8.48,16.45,7.0,0,0,1,0,0,2,1,0,1,0,0,0,0,,0,2,2,5|12,0,0,0,0,0,0,1,0,0,1
2025-11-13,3,workday,0,0,0,0,0,0,0,,4.7,3.5,6.4,0.1,0.1,0.0,0.0,14.4,35.3,93.5,0.0,0.0,8.41,16.43,1.0,0,0,1,0,0,1,0,0,0,0,0,0,0,,0,1,2,12|50,0,0,0,0,0,0,1,0,0,1
2025-11-14,4,workday,0,0,0,0,0,0,0,,5.5,4.2,6.9,0.5,0.5,0.0,0.0,21.4,54.7,83.2,0.0,0.0,8.35,16.4,4.0,0,0,1,0,0,0,0,0,1,0,0,0,0,,0,1,2,12|50,0,0,0,0,0,0,1,0,0,1
2025-11-15,5,dayoff,0,0,1,0,0,0,0,,0.4,-3.3,5.3,12.8,5.6,5.0,0.05,14.6,32.4,91.1,0.2,0.0,8.29,16.37,14.0,0,0,1,1,0,0,0,0,0,0,0,0,0,,0,5,2,5|7|12|50,0,0,0,2,0,0,1,0,0,1
2025-11-16,6,dayoff,0,0,1,0,0,0,0,,-3.8,-5.5,-2.0,0.0,0.0,0.0,0.04,13.9,32.8,87.5,0.0,0.0,8.22,16.33,0.0,0,0,1,0,0,2,1,0,0,0,1,0,0,,0,1,2,5|12|50,0,0,0,0,0,0,1,0,0,1
2025-11-17,0,workday,0,0,1,0,0,0,0,,-0.4,-5.2,3.2,2.9,2.9,0.0,0.04,17.1,37.4,91.6,0.2,0.0,8.16,16.32,9.0,0,0,1,0,0,9,1,0,0,0,0,0,0,,0,2,1,5|12,0,0,0,0,0,0,1,0,0,1
2025-11-18,1,workday,0,0,1,0,0,0,0,,5.1,1.2,9.4,10.1,10.1,0.0,0.02,20.3,46.8,93.8,1.0999999999999999,0.0,8.1,16.28,16.0,0,0,1,0,0,9,1,0,0,0,1,0,0,,0,0,2,12,0,0,0,0,0,0,1,0,0,1
2025-11-19,2,workday,0,0,1,0,0,0,0,,0.3,-0.6,0.9,0.0,0.0,0.0,0.02,17.9,40.3,78.5,0.0,0.0,8.04,16.27,0.0,0,0,1,0,0,5,1,0,0,0,0,0,0,,0,1,2,5|12,0,0,0,0,0,0,1,0,0,1
2025-11-20,3,workday,0,0,1,0,0,0,0,,-0.4,-1.5,1.2,0.0,0.0,0.0,0.02,13.4,32.4,81.3,0.0,0.0,7.99,16.23,0.0,0,0,0,0,0,1,0,0,0,0,1,0,0,,0,2,2,5|12,0,0,0,0,0,0,1,0,0,1
2025-11-21,4,workday,0,0,1,0,0,0,0,,0.1,-1.9,1.2,0.6,0.1,0.4,0.01,14.7,36.4,87.7,0.0,0.0,7.93,16.22,5.0,0,0,1,0,0,2,1,0,0,0,1,0,0,,0,0,2,12,0,0,0,0,0,0,1,0,0,1
2025-11-22,5,dayoff,0,0,1,0,0,0,0,,1.0,0.3,2.1,4.6,1.8,2.0,0.01,7.1,20.2,97.1,0.1,0.0,7.88,16.18,11.0,0,0,1,0,0,0,0,0,0,0,0,0,0,,0,4,2,5|7|11|12|50,0,0,0,1,0,0,1,0,0,1
2025-11-23,6,dayoff,0,0,1,0,0,0,0,,-0.3,-1.9,1.0,0.1,0.0,0.1,0.01,14.3,32.0,83.9,0.0,0.0,7.82,16.17,1.0,1,1,0,0,0,0,0,0,0,0,0,0,15389,19:45,1,1,1,7|11|12,0,0,0,0,0,0,1,0,0,1
2025-11-24,0,workday,0,0,0,0,0,0,0,,1.7,-1.0,5.0,10.5,9.5,0.7,0.01,19.9,45.0,93.9,0.5,0.0,7.77,16.15,15.0,0,1,1,0,0,0,0,0,0,0,0,0,0,,0,2,1,7|11|12,0,0,0,1,0,0,1,0,0,1
2025-11-25,1,workday,0,0,0,0,0,0,0,,0.2,-0.7,1.1,0.0,0.0,0.0,0.02,16.7,39.2,83.2,0.0,0.0,7.72,16.13,0.0,0,0,1,0,0,1,0,0,0,0,0,0,0,,0,4,1,5|7|11|12,0,1,0,0,0,0,0,1,0,1
2025-11-26,2,workday,0,0,0,0,0,0,0,,0.5,0.3,0.9,7.2,2.6,3.2,0.03,8.5,18.4,98.5,0.6000000000000001,0.0,7.67,16.1,24.0,0,0,1,1,0,2,0,0,0,0,0,0,20170,20:30,1,3,1,7|11|12,0,1,0,0,0,0,0,1,0,1
2025-11-27,3,workday,0,0,0,0,0,0,0,,3.7,1.0,5.1,6.3,6.3,0.0,0.03,12.1,25.2,97.6,1.3,0.0,7.62,16.08,13.0,0,0,1,0,0,0,0,0,0,0,0,0,0,,0,1,1,5|12,0,1,0,0,0,0,0,1,0,1
2025-11-28,4,workday,0,0,0,0,0,0,0,,3.5,1.5,5.6,3.7,3.7,0.0,0.0,12.1,30.2,90.5,0.0,0.0,7.58,16.07,6.0,0,0,0,0,0,3,1,0,1,0,1,0,0,,0,0,1,12,0,1,0,0,0,0,0,1,0,1
2025-11-29,5,dayoff,0,0,0,0,0,0,0,,0.2,-0.4,1.2,0.0,0.0,0.0,0.0,11.0,27.0,90.2,0.0,0.0,7.53,16.05,0.0,0,0,0,0,0,0,0,0,0,0,0,0,0,,0,4,1,5|12|28,0,1,0,0,0,0,0,1,0,1
2025-11-30,6,dayoff,0,0,0,0,0,0,0,,2.0,0.6,3.1,0.2,0.2,0.0,0.0,8.6,19.8,92.8,0.0,0.0,7.49,16.03,1.0,0,0,0,0,0,0,0,0,0,0,0,0,0,,0,5,1,7|11|12|50,0,1,0,2,0,0,0,1,0,1
2025-12-01,0,workday,0,0,0,0,0,0,0,,0.7,-0.6,2.8,0.0,0.0,0.0,0.0,10.3,23.4,93.3,0.0,0.0,7.44,16.02,0.0,0,0,0,0,0,4,1,0,0,0,0,0,0,,0,2,1,5|12,0,1,0,0,0,0,0,1,0,1
2025-12-02,1,workday,0,0,0,0,0,0,0,,0.4,-0.1,1.0,0.0,0.0,0.0,0.0,8.8,20.9,94.3,0.0,0.0,7.4,16.02,0.0,0,0,0,0,0,10,1,0,0,0,0,0,0,,0,0,1,12,0,1,0,0,0,0,0,1,0,1
2025-12-03,2,workday,0,0,0,0,0,0,0,,0.8,0.4,1.6,0.0,0.0,0.0,0.0,6.0,13.3,93.0,0.0,0.0,7.36,16.0,0.0,0,0,0,0,0,6,1,0,1,0,0,0,0,,0,0,1,12,0,1,0,0,0,0,0,1,0,1
2025-12-04,3,workday,0,0,0,0,0,0,0,,1.8,0.8,2.9,0.0,0.0,0.0,0.0,8.5,18.7,90.7,0.0,0.0,7.32,15.98,0.0,0,0,0,0,0,1,1,0,0,0,1,0,0,,0,1,1,12|28,0,1,0,0,0,0,0,1,0,1
2025-12-05,4,workday,0,0,0,0,0,0,0,,2.0,1.1,2.7,0.0,0.0,0.0,0.0,8.5,19.8,91.9,0.0,0.0,7.29,15.97,0.0,0,0,1,0,0,2,0,0,0,0,0,0,0,,0,0,1,12,0,1,0,1,0,0,0,1,0,1
2025-12-06,5,dayoff,0,0,0,0,0,0,0,,2.7,1.8,3.5,0.0,0.0,0.0,0.0,9.2,22.3,92.2,0.0,0.0,7.25,15.97,0.0,0,0,0,0,0,0,0,0,0,0,0,0,0,,0,2,1,5|12,0,1,0,1,0,0,0,1,0,1
2025-12-07,6,dayoff,0,0,0,0,0,0,0,,0.8,0.2,2.2,0.0,0.0,0.0,0.0,9.8,22.7,87.1,0.0,0.0,7.22,15.95,0.0,0,0,0,0,0,0,0,0,0,0,0,0,0,,0,1,1,7|11|12,0,1,0,2,0,0,0,1,0,1
2025-12-08,0,workday,0,0,0,0,0,0,0,,0.2,-0.3,0.8,0.0,0.0,0.0,0.0,12.8,33.1,87.2,0.0,0.0,7.19,15.95,0.0,0,0,1,0,0,1,0,0,0,0,0,0,0,,0,5,1,5|7|11|12,0,1,0,0,0,0,0,1,0,1
2025-12-09,1,workday,0,0,0,0,0,0,0,,-0.4,-1.2,0.2,0.4,0.0,0.3,0.0,18.2,43.9,83.6,0.0,0.0,7.16,15.93,2.0,0,0,1,0,0,1,1,0,0,0,0,0,0,,0,3,1,5|7|11|12,0,1,0,0,0,0,0,1,0,1
2025-12-10,2,workday,0,0,0,0,0,0,0,,-0.5,-1.6,0.3,2.2,0.0,1.5,0.02,13.3,31.7,88.2,0.0,0.0,7.14,15.93,12.0,0,0,1,0,0,4,1,0,1,0,0,0,0,,0,4,1,5|7|11|12,0,1,0,0,0,0,0,1,0,1
2025-12-11,3,workday,0,0,0,0,1,0,0,,2.0,0.5,3.4,4.2,4.2,0.0,0.02,17.6,37.4,96.0,2.4,0.0,7.11,15.93,14.0,0,0,1,0,0,9,1,0,0,0,0,0,0,,0,2,2,7|11|12|17|25,0,1,0,0,0,0,0,1,0,1
2025-12-12,4,workday,0,0,0,0,1,0,0,,1.5,-3.8,4.4,3.6,2.4,0.8,0.02,21.1,51.1,90.7,0.1,0.0,7.09,15.93,11.0,0,0,1,0,0,7,1,0,1,0,0,0,0,,0,0,2,11|12|17|25,0,1,1,1,0,0,0,1,0,1
2025-12-13,5,dayoff,0,0,0,0,1,0,0,,-4.8,-5.6,-3.9,0.8,0.0,0.6,0.02,25.0,58.3,67.9,0.0,0.0,7.07,15.93,7.0,0,0,0,0,0,0,0,0,0,0,1,0,0,,0,3,2,5|11|12|17|25|50,0,1,1,1,0,0,0,1,0,1
2025-12-14,6,dayoff,0,0,0,0,1,0,0,,-6.1,-8.1,-5.1,0.6,0.0,0.4,0.03,17.1,40.0,74.2,0.0,0.0,7.06,15.93,4.0,0,0,0,0,0,0,0,0,0,0,1,0,0,,0,1,2,7|11|12|17|25,0,1,1,0,0,0,0,1,0,1
2025-12-15,0,workday,0,0,0,0,1,0,0,,-7.8,-11.1,-5.7,0.1,0.0,0.1,0.03,9.7,24.8,85.1,0.0,0.0,7.04,15.93,1.0,0,0,0,0,0,0,0,0,0,0,0,0,0,,0,3,1,5|7|11|12,0,1,1,0,0,0,0,1,0,1
2025-12-16,1,workday,0,0,0,0,1,0,0,,-2.2,-6.4,1.5,1.4,0.1,0.9,0.05,14.3,31.3,91.8,0.0,0.0,7.03,15.93,5.0,1,1,1,0,0,2,1,0,0,0,1,0,0,,0,3,1,7|11|12|50,0,1,1,0,0,0,0,1,1,1
2025-12-17,2,workday,0,0,0,0,1,0,0,,1.2,0.3,1.8,0.1,0.1,0.0,0.04,12.4,27.4,96.8,0.0,0.0,7.02,15.93,1.0,0,1,0,0,0,7,1,0,1,0,1,0,0,,0,3,1,5|7|11|12,0,1,1,0,0,0,0,1,1,1
2025-12-18,3,workday,0,0,0,0,1,0,0,,0.3,-0.2,1.4,0.0,0.0,0.0,0.02,15.7,37.1,94.5,0.0,0.0,7.01,15.93,0.0,0,0,0,0,0,4,1,0,0,0,1,0,0,,0,2,1,7|11|12|17|25,0,1,1,0,0,0,0,1,1,1
2025-12-19,4,workday,0,0,0,0,1,0,0,,-0.1,-1.3,1.4,0.2,0.2,0.0,0.01,11.7,27.0,92.8,0.2,0.0,7.0,15.93,2.0,0,0,0,0,0,11,1,0,1,0,0,0,0,,0,3,1,7|11|12|17|25,0,1,1,1,0,0,0,1,1,1
2025-12-20,5,dayoff,0,0,0,0,1,0,0,,-0.6,-0.9,-0.2,0.0,0.0,0.0,0.01,13.5,31.0,94.5,0.0,0.0,7.0,15.95,0.0,0,0,0,0,0,3,1,0,0,0,0,0,0,,0,8,1,5|7|11|12|17|25|50,0,1,1,0,0,0,0,1,1,1
2025-12-21,6,dayoff,0,0,0,0,1,0,0,,0.1,-0.7,0.7,0.5,0.1,0.4,0.01,13.8,31.7,93.3,0.0,0.0,7.0,15.95,3.0,0,0,1,0,0,0,0,0,0,0,0,0,0,,0,8,1,7|11|12|17|25|28|50,0,1,1,0,0,0,0,1,1,1
2025-12-22,0,workday,0,0,0,0,1,0,0,,-0.5,-4.6,1.2,1.7,0.6,0.8,0.01,18.9,49.0,86.1,0.1,0.0,7.0,15.97,12.0,0,0,1,1,0,1,1,0,0,0,0,0,0,,0,3,1,5|7|11|12,0,1,1,0,0,0,0,1,1,1
2025-12-23,1,workday,0,0,0,0,1,1,0,50,-11.6,-15.4,-5.9,0.0,0.0,0.0,0.02,17.5,43.6,64.3,0.0,0.0,7.0,15.97,0.0,0,0,0,0,0,2,1,0,0,0,1,0,0,,0,3,1,7|11|12|50,0,1,1,0,0,0,0,1,1,1
2025-12-24,2,workday,0,0,0,0,1,1,0,50,-12.2,-17.1,-5.5,0.7,0.0,0.6,0.03,16.2,39.2,77.8,0.0,0.0,7.01,15.98,7.0,0,0,0,0,0,9,1,0,1,0,0,0,0,,0,4,1,5|7|11|12,0,1,1,0,0,0,0,1,1,1
2025-12-25,3,workday,0,0,0,0,1,1,0,50,-2.6,-4.8,-0.6,3.6,0.0,2.6,0.04,19.3,43.2,90.4,0.0,0.0,7.02,16.0,11.0,0,0,1,0,0,1,1,0,0,0,0,0,0,,0,4,1,5|7|11|12,0,1,1,0,0,0,0,1,1,1
2025-12-26,4,workday,0,0,0,0,1,1,0,50,0.5,-0.3,1.0,9.4,0.1,6.5,0.13,21.4,47.2,88.5,0.0,0.0,7.02,16.02,23.0,0,0,1,1,0,1,1,0,0,0,0,0,0,,0,0,1,12,0,1,1,0,0,0,0,1,1,1
2025-12-27,5,dayoff,0,0,0,0,1,1,0,50,-1.2,-3.3,0.5,0.8,0.0,0.6,0.13,18.4,43.2,90.2,0.0,0.0,7.04,16.03,5.0,0,0,1,0,0,0,0,0,0,0,0,0,0,,0,7,1,7|11|12|50,0,1,1,0,0,0,0,1,1,1
2025-12-28,6,dayoff,0,0,0,0,1,1,0,50,-2.8,-3.2,-2.1,2.7,0.0,1.9,0.14,11.4,24.8,91.3,0.0,0.0,7.05,16.03,19.0,0,0,0,0,0,0,0,0,0,0,0,0,0,,0,7,1,7|11|12|50,0,1,1,0,0,0,0,1,1,1
2025-12-29,0,workday,0,0,0,0,1,1,0,50,-4.2,-5.2,-3.5,2.1,0.0,1.5,0.15,7.4,16.6,92.8,0.0,0.0,7.07,16.05,19.0,0,0,0,0,0,2,1,0,0,0,0,0,0,,0,0,1,12,0,1,1,0,0,0,0,1,1,1
2025-12-30,1,workday,0,0,0,0,1,1,0,50,-5.0,-5.8,-4.2,4.6,0.0,3.2,0.19,13.0,29.2,92.0,0.0,0.0,7.08,16.07,24.0,0,0,1,1,0,2,0,0,0,0,0,0,0,,0,4,1,7|12|50,0,1,1,0,0,0,0,1,1,1
2025-12-31,2,dayoff,1,1,1,0,1,1,0,50,-6.9,-8.5,-5.0,2.8,0.0,2.0,0.2,10.9,23.8,87.4,0.0,0.0,7.1,16.1,19.0,0,0,0,0,0,0,0,0,0,0,0,0,0,,0,1,1,7|12,0,1,1,0,0,0,0,1,1,1
